"ID","clr_Ag","clr_Al","clr_As","clr_B","clr_Ba","clr_Be","clr_Bi","clr_Ca","clr_Cd","clr_Ce","clr_Co","clr_Cr","clr_Cu","clr_Fe","clr_In","clr_K","clr_La","clr_Li","clr_Mg","clr_Mn","clr_Mo","clr_Na","clr_Ni","clr_P","clr_Pb","clr_S","clr_Sb","clr_Sc","clr_Se","clr_Sn","clr_Sr","clr_Te","clr_Th","clr_Ti","clr_U","clr_V","clr_W","clr_Y","clr_Yb","clr_Zn","clr_Zr"
1,-5.87249942085111,6.69821633826697,-0.0794858124669684,-1.96047641542297,1.07447657128431,-3.79305787917128,-4.773887132183,5.09224463380936,-5.5360271842299,1.04123792980857,-0.584232390156577,1.277417415281,0.462554830646947,8.41675775263773,-6.3833250446171,5.22491060015745,0.288707900843964,-0.237709817681863,6.01886247983936,2.44135284654709,-1.89468867488496,3.42401864736612,0.153366552974202,4.73408564309813,-1.23196209102573,5.76087219719498,-4.3908948799269,-0.913859421873237,-2.89696985461464,-2.88681748315062,-0.19574561858283,-6.09564297216532,-0.252098555133962,4.60760149598901,-1.53913795815851,1.57291813585057,-3.87101942064099,-0.506523405829261,-2.52611027568395,0.812112306816815,-0.679542569960902
2,-5.58876354405708,6.80655110111163,-0.129178029912917,-1.85906209542288,1.3990344425986,-3.71696136715549,-4.74146568366987,5.2005555328685,-7.38052301328513,1.06624771383456,-0.87324530090012,1.31397919310152,0.301959433249374,8.36795718245872,-6.28191072461702,5.35911474298052,0.338162481913334,-0.0474999988986502,6.12301277965832,2.53291487010417,-1.83144692838991,3.51064526721182,0.1847522686138,4.73671841853843,-0.822325210472863,5.28297447928392,-4.43608403411869,-0.829442678241727,-2.97380376602088,-2.78540316315054,-0.0280819130415488,-6.28191072461702,-0.187588792069332,4.71461807153776,-1.68342952677973,1.59409502516998,-3.71696136715549,-0.492970441620514,-2.50532569008398,0.938219239407268,-0.57812824996082
3,-5.66109817465864,6.75469500185361,-0.201512660514478,-1.2382495454645,1.60665983835491,-3.71518802560332,-4.88790828642516,5.12822090226694,-6.75971046332675,0.920465177109843,-0.916166046295387,1.23492184810508,0.342788892447902,8.7235069151956,-6.35424535521858,5.37915343250998,0.229624802647813,-0.0626762156602627,6.05067814905676,2.48503133536677,-2.08688162886484,3.54757414021685,0.08083606596194,4.91872944012106,-0.708798457575345,5.90061745448102,-4.56248588599053,-0.932236516327996,-3.08340979141967,-2.95304797355643,0.107222821135135,-6.35424535521858,-0.267470628306276,4.5788616144987,-1.90378155899147,1.61822066075598,-3.89750958239728,-0.58592435942481,-2.69068370908894,0.865884608805707,-0.650462880562381
4,-5.5895938099608,6.78078188686065,-0.209038345175789,-2.01404304115386,1.96750602692289,-3.72884146924579,-5.05059730922811,5.33067601299581,-6.14920959789622,1.0093043994331,-0.778571569768558,1.04747697293813,0.36550309297631,8.50678997852593,-6.84235677845617,5.1405723157598,0.380209240366005,0.0245765060057166,6.0430176408119,2.77010980036267,-1.14526329195076,3.51697208951319,0.133057148999786,4.5255429144638,-0.982996071981521,5.26940518760277,-4.4444615056578,-1.0402384030791,-3.01371538196707,-2.98162706741557,0.160708680330297,-6.436891670348,-0.428897821288809,4.59260714504435,-1.37429663732103,1.45169286164586,-3.84662450490217,-0.396636959070587,-2.57967690141485,1.00149185969631,-0.984423623972706
5,-5.66442897227086,6.75136420424138,-0.11665074609124,-1.93472752363667,1.62631855896738,-3.54416543607077,-5.05829316870054,5.36236348152375,-6.35757615283081,1.15813146064805,-0.822870008218538,1.02848155821176,0.144714018043167,8.28794076841061,-6.76304126093897,5.1283206397515,0.477608433316496,-0.0721989835204062,6.01542236401535,2.6980578293844,-1.20814556699049,3.53922241155453,-0.0416155601483257,4.61062213669775,-0.663844014028105,5.09347390842134,-4.56581668360275,-0.960922885561907,-2.94532893498206,-2.94532893498206,0.139701476219623,-6.76304126093897,-0.301573084585252,4.62205083252137,-1.15540264683567,1.42286622054335,-3.71851882321555,-0.24832857006644,-2.43890860468399,0.955644234259496,-0.771576713830988
6,-5.59427327571098,6.72001295445943,-0.107699616849169,-0.989103089722884,1.56479643155207,-3.69003582305623,-5.05527677497829,5.25644981254873,-6.1538890636464,1.01815170998112,-0.920110218235932,1.01237691048724,0.226233473253368,8.38311314788696,-6.44157113609818,5.08459955562207,0.393613450049123,-0.162424516538416,5.96061638835829,2.64093586436812,-0.944402910804977,3.50593330185472,-0.0502125259314878,4.56606888548167,-0.854322477697929,5.08459955562207,-4.40468920883714,-0.994833764431869,-2.96547244626291,-2.96547244626291,0.0557064929522499,-6.84703624420634,-0.32494344603619,4.59331852792905,-1.2523248646045,1.43822488986261,-3.77898330907273,-0.347249203550489,-2.54297115100217,0.871649250992123,-0.989103089722884
7,-5.67001587417881,6.63891415679107,-0.102944445064511,-1.94031442554462,2.22479920756569,-3.6775857094886,-4.68918662116708,5.09142683321851,-6.36316305473876,1.0732577661377,-1.11613898257827,1.0433452667751,0.261344748859467,7.57161092405234,-6.36316305473876,5.35948294121354,0.358262646051888,-0.196345620152912,5.86597486372242,2.40089021460901,-0.54406973357156,3.27462133206437,-0.109334243163282,4.43641252235401,-0.773420629460103,4.73928476029976,-3.56995504529624,-0.933817425784315,-2.97313897367473,-2.71684321504361,0.283227460108974,-6.36316305473876,-0.246535364676767,4.67708855242986,-1.52953015595885,1.31624246629127,-3.82418918368048,-0.371698507630773,-2.41191933615733,0.780981002307612,-0.91069500836346
8,-5.78552682092296,6.78054855863862,-0.174834769332769,-2.05582537228877,2.06483649825071,-3.56995310491854,-4.68691453225485,5.21657302028128,-5.78552682092296,1.08314106935113,-0.832049940666651,1.04965776522434,0.468301990652515,7.40449520495519,-6.4786740014829,5.45515237972533,0.37074570048627,0.0335665002442376,6.0470637623521,2.66267349900633,-1.21081584241958,3.36470962698352,0.127976184715312,3.82470761411193,-0.669531011168876,5.06704128631032,-4.11155038735129,-0.955880638386878,-3.04468679699776,-2.70208896694986,0.184884316987192,-6.4786740014829,-0.340227264026276,4.7331463707034,-1.86025858874479,1.22508584349889,-4.11155038735129,-0.291094575448631,-2.3843294392608,0.939906901265224,-0.574220831364551
9,-5.71438584443684,6.75953053132545,-0.675579673373889,-2.13883507562991,2.05081966639652,-3.4118007514428,-4.76992423559599,5.1195770749654,-6.27400163237226,1.17170793776412,-0.938870292701511,1.01390094673375,0.339382586007296,7.85266335422893,-6.27400163237226,5.73056663694718,0.553085743542419,-0.00112462582609618,6.03417623609506,2.53958557209778,-1.42197136845265,3.34180384771208,-0.00112462582609618,3.7659816647524,-0.694271806386042,5.60530155199808,-4.29300016350568,-1.05364580729394,-3.06517614335756,-2.80048358913048,0.623703310756372,-6.27400163237226,-0.360498626733994,4.58979353745479,-2.05817717261245,1.29256814808931,-3.69000407994003,-0.25784447267391,-2.45080984065073,0.987925460330487,-0.752540714510017
10,-6.36668854247128,6.60485194519847,-0.152080444049084,-1.25069273271719,1.91055397931437,-3.80173918500974,-4.98039418135139,5.20135622172003,-6.77215365057944,0.865562782085358,-1.15538255291287,1.15805255610524,-0.106469932797032,8.30748363453052,-6.36668854247128,5.37999065292518,0.2710062654089,-0.264875938194428,5.78633488196908,2.42307308358669,-0.908522474981343,3.64415752838535,-0.213955847767171,4.485879564762,-0.656261525096406,5.77217535336545,-3.77642137702545,-1.07171007718875,-3.26060821174842,-2.80186173702732,0.405628765615757,-6.0790064700195,-0.302903333783668,4.62984025368351,-2.02288312061759,1.640789519463,-2.9993927124848,-0.577748259474768,-2.68617733802786,0.75078726749293,-0.662906067815074
11,-6.20345116604106,6.51094397303699,-0.66218762088263,-2.0682846092987,1.65015364705678,-3.73959792545089,-5.02479616969941,5.12314472073768,-4.03439746567153,1.1047566792257,-0.256722512774465,0.824306905335778,0.413283139223786,7.23372295120331,-6.49113323849284,5.17594290630465,0.277359973155793,-0.224565401139934,5.73963201962771,3.32352310033668,-1.5007006517141,3.41734185555433,0.344051347654465,3.14447486888769,-0.710389722700507,6.56223726742454,-4.18854814549879,-1.11277316427126,-3.00477804849037,-2.81062203404942,-0.0942035832766903,-6.49113323849284,-0.381885655728471,4.56503382398168,-1.55426409463619,0.76727891210247,-4.09323796569447,-0.218256231946669,-2.11747485348947,1.30588409997554,-0.499668691384854
12,-5.63429651456762,6.66708631076688,-0.631693392168629,-1.72227350913947,1.88322433603541,-3.60614826727534,-4.67878506954018,5.46311350644094,-6.55058724644178,1.08229825895336,-1.06994832309978,1.07987401534185,0.134024481226152,7.44306949690597,-6.14512213833361,5.56938270003499,0.43412907367649,-0.112835596705374,5.96297009883636,2.59787772181632,-1.30093505187502,3.71754341968226,0.0355844084128991,3.78143068713351,-0.675656515589745,4.94722458071841,-4.10824021107257,-0.841817230274535,-2.92624631346541,-2.43971338226846,0.474951068196745,-7.24373442700172,-0.00667540087698359,4.90046281481037,-1.68690636530218,1.14789554143917,-3.80974722251657,-0.296758434866303,-2.3917041630821,0.999021918712756,-0.44133966367741
13,-5.76718040537092,6.67528101822349,-0.144366993248383,-2.03747895673673,1.45294955865337,-3.33943216942287,-4.85088967349676,5.51423325861458,-6.17264551347908,1.34079092028172,-0.979688662588871,0.7646685677446,0.0617652122392895,7.62010805736258,-6.46032758593086,5.17481551176362,0.665223638038889,0.0811832980963914,5.95681602967925,2.93233434283927,-1.63201384862856,3.52780744066555,-0.132390802201668,4.21634985483875,-0.873078927530613,4.31166003464307,-4.03257934998281,-1.12118822486257,-2.75491882986572,-2.58912657502297,0.186062928916867,-6.86579269403903,-0.0972994823903979,4.57456207809637,-1.52106895467683,1.04809402081705,-3.26848043345058,0.141807919912826,-1.99059537083788,1.14057487361122,-0.756545111274662
14,-5.6460381657542,6.52828578146139,0.246986308540526,-2.20401878957179,1.52408137769542,-3.46279983039272,-4.95289098519426,5.33287833999438,-5.1605303499725,1.19984170950985,-0.99207781559668,0.643213475663754,-0.015722842979875,7.75016187727985,-6.62686741876593,5.04020872603156,0.545812945545372,-0.124577247891957,5.79967854952258,2.76301286704233,-1.28932933906461,3.37344431840574,-0.241111064147908,4.65033571268323,-0.722414248647577,4.80629307773544,-3.94129007351578,-1.20780843452176,-2.92145866270078,-2.78383728482474,0.0701668289005548,-6.62686741876593,-0.224397583174168,4.39176172438952,-1.43576413652504,1.12675612779382,-3.31876046016979,0.00205540304140905,-2.08712503810029,1.11379698315131,-0.923084944109728
15,-5.70218692628973,6.61209930388068,-0.0522071576265031,-2.12663615748279,1.54204058931362,-3.53722321117173,-4.4700432449971,5.37112554313977,-6.26180271422515,1.18098287721979,-1.11140547775374,0.741262744561311,0.126758691320479,7.82754450936885,-6.26180271422515,5.14853616196998,0.565284661689532,-0.109070019521046,5.88372343143699,2.87327517325049,-1.3528310739054,3.42632342743882,-0.289266177002688,4.26360450958255,-0.873873188987427,4.6846082211185,-3.9592176212311,-1.13190399930208,-2.89450688423868,-2.6644904536367,0.139284951139659,-6.54948478667693,-0.175027987312844,4.51715357566488,-1.41958607175386,1.10968658098913,-3.26607044067116,0.0157801833584297,-2.11470758661752,1.03461055454877,-0.740341796362904
16,-5.67184103300832,6.71655316931581,-0.293480958786743,-1.94213958437412,1.59591698000523,-3.63495910574728,-4.57322874434021,5.36304863101891,-6.07730614111648,1.20373534760959,-1.15368222400985,0.923484003832846,0.228056320574176,7.26016861590479,-6.36498821356826,5.35765778238404,0.578777502936909,-0.0921112070220933,5.90249306009056,2.62636661724238,-0.823724668409835,3.52338570115782,-0.137134888396049,3.74957030904781,-0.608191703626443,4.4745926981382,-3.90825244074696,-0.969846662384684,-2.88888952373299,-2.64331893663133,0.429971571268532,-6.77045332167643,-0.416083280879075,4.65909053435475,-1.34330308328542,1.07339531647605,-3.49330858868425,-0.0921112070220933,-2.16029559417729,1.05359268917987,-0.66120573891206
17,-5.71463932102549,6.60921636016106,-0.32861637405835,-1.9849378723913,1.64206617800455,-3.463347522419,-4.67318544619733,5.1882538700953,-5.02149214046555,1.07470772690634,-1.06067897086797,0.914283500781846,0.104454000141703,7.63353072511253,-6.40778650158544,5.21846764869179,0.345262387635718,-0.103947269435303,5.8197214246648,2.60815973236252,-1.09951880418423,3.4703832429664,-0.0798497178562427,4.02632930201286,-0.617826330688184,5.07467975590008,-3.95105072876413,-1.07185227146609,-3.04049067159896,-2.70237774552029,0.255771816884657,-6.40778650158544,-0.35962661080091,4.5661424626521,-1.60103694219898,1.06148751547821,-3.67775739376445,-0.29115881152345,-2.31901298441279,1.06906330928667,-0.704004026929236
18,-5.58642945705318,6.56080268845406,-0.393472606162972,-2.01087868824625,1.73626967399166,-3.74814997219023,-4.75975088386871,5.03837615300959,-5.33511502877228,1.16884042142076,-1.1867032452799,0.852464397261997,0.61378990391691,7.66193704655488,-6.43372731744039,5.45076170396233,0.723488821173335,-0.199316591722014,5.76900642682427,2.5281516952373,-1.23523028617456,3.33622884247122,-0.148350148129987,4.17120621847038,-0.4848223847512,5.45076170396233,-4.13114222444634,-1.08186918396432,-3.12562035884424,-2.72015525073608,1.05996105779455,-6.83919242554855,-0.409472947509413,4.55156540544747,-1.39894156311185,1.11588184771415,-3.7036982096194,-0.45063102000292,-2.43858940530173,0.879493069649916,-0.847727878440568
19,-5.42822583341851,6.70885394062471,-0.732301284161956,-1.69852438478432,2.05801371780343,-3.60906739000234,-4.8220900298482,5.48988835171263,-6.12137301397846,1.05130735033284,-1.20382814294821,1.17616956039261,0.281096821613305,7.99424213643615,-6.52683812208662,5.54855619980144,0.370866821042014,0.0662064120558155,6.06789251323534,2.6884897914006,-1.92668047792207,3.54004297735794,0.176349991154241,4.10540503847682,-0.872596092990557,4.9400434043822,-4.22425302909258,-0.93026973173757,-3.09285091760148,-2.63501782397599,0.302955615425804,-7.21998530264657,-0.244571375190615,4.7629437915694,-2.07832174614391,1.2374578843639,-3.53110584853263,-0.235268982528301,-2.45781136784881,1.07406433745546,-0.0498657591969387
20,-5.35952211957255,6.64984023171157,-0.845527814250324,-1.78397135076561,1.81059742387708,-3.7790717440117,-4.82052561883986,5.44586742738564,-5.5136727993998,1.17716947801876,-1.01386312906954,1.01817617371571,0.315272818210403,7.75134687840605,-6.20681997995975,5.47161992348805,0.413253226570606,-0.0755934904766087,5.97734783018237,2.66571393238208,-2.31499968184912,3.54971315961971,-0.0901922898977614,3.96923600721811,-0.661642535480187,5.12378392821652,-4.30969999507387,-0.999156981679844,-2.96162684677418,-2.71031241849327,0.212088581975172,-6.61228508806791,-0.207056630037072,4.66491804338125,-1.95832473791039,1.05627601994798,-3.56776265034449,-0.158660089175222,-2.31499968184912,1.12837931384933,-0.135312725178231
21,-5.3396082204764,6.66975413080772,-0.676169126364337,-1.76405745166947,1.90461929512695,-3.64793220980533,-4.72056901207018,5.46287856682382,-6.18690608086361,1.13955953297671,-1.05110764381335,1.04051431642336,0.310371548186821,7.5195333820463,-6.18690608086361,5.51388112127619,0.406138453278829,-0.0412908539283672,6.02083184398563,2.63285779549816,-2.21661416731149,3.5221873336443,-0.203809783426142,3.87073215149978,-0.583558003529177,4.46642399590901,-4.1944759161734,-0.929410708835826,-2.96803025599541,-2.62207927541965,0.198850273754414,-6.18690608086361,-0.195441533755625,4.73422469780696,-1.90102330674263,1.1015661365375,-3.27818518429925,-0.220759341739915,-2.36553744370359,1.08085193214994,-0.115398826082089
22,-5.10341802841783,6.54926937892755,-0.754431247822154,-1.88454220354963,1.4896265057246,-3.85065505992247,-4.57278977735566,4.85833843224227,-4.76694579179662,1.13880523703733,-1.29675553864752,0.996900923602229,1.0703680754841,7.64206769773024,-6.30739083274377,5.58852688448256,0.422034910713949,-0.133604728841835,5.72828882685772,2.28057142956067,-1.77479133959052,3.42767806816739,-0.176164343260631,3.89866740473789,-0.727661006757549,6.0060403311069,-4.46156414224544,-1.03953267368044,-2.79088260457062,-2.85212622981134,0.299259353454444,-6.71285594085194,-0.299396983684579,4.52563267841653,-1.07806633768269,1.04718474002844,-3.74244147528223,-0.341244093620079,-2.49334823567583,0.912739131280518,-0.721391393743954
23,-5.07291241018,6.59701680359989,-0.666193162915752,-1.8540365853118,1.4781679248634,-3.76457959052983,-4.60290878093427,4.92132950562459,-4.66744730207184,1.11535171290258,-1.12166869159858,1.0517709807142,0.579576770088646,7.55842797075451,-6.27688521450594,5.65255519475904,0.460477078547515,-0.124152519801837,5.79565603839971,2.3110770477985,-1.70907081506162,3.50819410697988,-0.0230564029304681,3.62993012812286,-0.828712092413527,5.82936709574202,-4.60290878093427,-0.966968712114552,-2.75052468988978,-2.80078652467067,0.369505300341789,-6.68235032261411,-0.213100005818333,4.61366214079255,-1.46470085913352,1.07127322394564,-3.7119358570444,-0.31932221907364,-2.57147645844079,0.943244749518349,-0.690885775506124
24,-5.02991622327603,6.65696254881764,-0.721805271552316,-1.81104039840783,1.49217657489412,-3.80614079165391,-4.38806233710364,4.98242573417218,-5.72306340383598,1.20645336692767,-1.22325373350571,1.07710666446622,0.897009802694381,7.37090049904666,-6.23388902760197,5.65059999380075,0.491544694586216,-0.0670715930161228,5.83100400446543,2.37253529754221,-1.70848381008274,3.58802687124035,-0.132076423325119,3.69266379786516,-0.871033139916358,5.51014815833165,-4.49928797221386,-0.877302752929954,-2.76815312480224,-2.7075285029858,0.297959945513551,-6.63935413571013,-0.147114300689659,4.67512039053626,-1.10596464698261,0.981350951128132,-3.8359937548036,-0.338568341046886,-2.46496686581449,0.856187808174126,-0.530106552945765
25,-5.64167956915728,6.63903661936866,-0.803415501001813,-1.50651301241493,1.50902188843524,-3.56223802747745,-4.72538883728313,5.57687483521037,-5.92936164160906,1.54748816926304,-1.08780267755674,0.971704649222277,0.0108096111113682,7.18631274764447,-6.33482674971723,5.65433289424937,0.869322542318712,0.0867955180892905,5.9176522686271,2.56762884248965,-1.70496395113876,3.6996890652253,-0.0340409550539835,4.2742305033774,-0.807383760177434,4.1865454988783,-4.6300786574788,-1.10371813286264,-2.82328131088621,-2.723908837073,0.343515364937105,-7.02797393027717,0.12664142663649,4.6755718943017,-1.50252099114539,0.876729983596574,-3.50161340566101,0.0867955180892905,-2.30947505898208,1.0737038171774,-0.120218651295036
26,-5.90321455621839,6.66286082334319,-0.825959574780735,-1.48036592702425,1.51536634652974,-3.53609094208677,-4.92238530320666,5.63602821706922,-5.61553248376661,1.61067652633407,-1.11572281343634,0.949732486268756,0.0543484392139146,7.19212014879802,-6.30867966432655,5.57925170126713,0.928379361798187,0.137040155059028,5.91228159369737,2.66593837412856,-1.95197083763696,3.54876394970817,0.175955571308701,4.31872672743628,-0.746076803133129,3.55398589368932,-4.60393157208813,-1.1212938584858,-2.82743957499086,-2.75333160283714,0.350614255357087,-6.30867966432655,0.088249990889596,4.68505192720717,-1.50056863434177,0.899180207105925,-3.74373030686501,0.198598048058461,-2.23965291008874,1.15869140259101,-0.317215117218569
27,-5.71408011684096,6.60084693360129,-0.88576637953866,-1.5789135600986,1.43662134075157,-3.57401395334469,-4.7977893849668,5.49435615736111,-5.15446432890554,1.60578481296801,-1.06011976668344,0.895942753835894,0.192643201811931,7.13384641486161,-6.40722729740091,5.53096590297367,0.895942753835894,0.0774079382343458,5.86416481424991,2.56104151337555,-2.05051847071131,3.48873198871443,0.0384925219846721,4.16537085786693,-0.716867843076846,4.59487254380333,-4.70247920516248,-1.17611868054632,-2.79630938475668,-2.8237083589448,0.23264853642563,-6.40722729740091,0.107485393471624,4.57806542548695,-1.43394778984842,0.84056528436694,-3.73307864797438,0.122191540861319,-2.27206074065855,1.24246532631061,-0.415762750292924
28,-5.60605969759548,6.77636433774215,-0.899106817297442,-2.03050892878854,1.99484276194661,-3.24790475344662,-3.99662178516138,5.18473104994155,-6.45335755798268,1.37068845287361,-1.07499748376111,0.823659780443661,0.518936242137029,7.33854313434246,-6.1656754855309,5.43800434270779,0.602817726117731,0.166715648547676,5.85256042251721,2.4912796482605,-1.89248763089117,3.22906760944306,-0.00763773859710115,3.79016729733916,-0.366582831070373,4.67390542617556,-4.5562375730968,-0.937244246447028,-2.73978549127837,-2.47056548166633,0.0638212253850439,-6.45335755798268,0.239552972499943,4.58689404918593,-1.65756701238594,0.942977735818129,-3.96845090819468,-0.0290289285784189,-2.20963559468598,0.985025972061628,-0.307742331047439
29,-5.40751856568872,6.89386425964578,-1.05562902543508,-1.96549918950631,1.93039443399195,-3.18289501416439,-3.87604219472433,5.3423735912574,-6.10066574624867,1.37665565152206,-1.09003045215241,0.848711207424291,0.421427051921486,7.36882716225086,-6.10066574624867,5.48690326171733,0.644570603235696,0.279456790651099,5.89776753450326,2.55628938754273,-2.01049655543705,3.23189225845177,-0.096778679142127,3.75415663430618,-0.309177691173359,4.36243759422288,-4.44243766964513,-0.956082479642671,-2.83299975721103,-2.35706139244548,0.148343778890858,-6.79381292680861,-0.147422411960882,4.64654184532678,-1.63188818516613,0.981042839856909,-3.87604219472433,-0.0138910193363588,-2.22946473534078,1.10719412518381,-0.802348379700629
30,-5.67419974558174,7.00879697203874,-1.09834394726243,-0.701304779468335,1.55402742867517,-3.00388987246238,-3.76055045874465,5.08133627010019,-6.26198641048386,1.14654415641076,-0.781347487141872,0.82975570461129,0.245291301901149,7.43474061149044,-6.26198641048386,5.75171434239885,0.442427944480244,0.333794103477449,6.04844625037055,2.72521041017811,-2.0220995429711,3.23202801254656,0.0623725518974481,3.28910275488079,-0.236120436658549,4.42540268588067,-4.9810525650218,-0.841451411211577,-3.21746397276044,-2.37016611237324,0.0515616357932327,-6.48512996179807,0.083649950344733,4.55378385252888,-1.66082424589331,0.987939126234125,-4.47022694125581,-0.250719236079701,-2.45977827106292,1.33891604905822,-0.0882003065819261
31,-5.63168664234073,6.96980077544411,-1.27754521115639,-0.844194899558686,1.2456094291567,-3.02161684959873,-3.85673429142906,5.03959163375111,-5.63168664234073,1.20457263493634,-0.675859584739471,0.783410316830864,0.627894821724191,7.40729512612455,-6.14251226610672,5.67051779131384,0.495182541773453,0.357274774549132,6.02100076500466,2.69676442447863,-2.49619242641158,3.17068549130917,0.133504460444113,3.11820431319453,-0.180648188775031,5.5401559734506,-5.10105839127856,-0.895488193946236,-3.12208737996236,-2.44533400917809,-0.114233745876024,-6.83565944666667,-0.0444379839404823,4.47474175419209,-1.52739174926546,0.906453181426938,-4.60206722515957,-0.172101128196573,-2.37744367363524,1.37137881644573,-0.23805909598837
32,-5.77698081384246,6.98153913014452,-1.01908954083671,-0.948667076540159,1.2920426127358,-2.94376746978624,-3.86743830895802,5.13355183383629,-6.06466288629424,1.14935085071261,-0.75804671693151,0.775883642994446,0.217603860601765,7.57649428452525,-6.2469844430882,5.60811127961788,0.481644169996505,0.367741157115564,6.06344821776622,2.77943309072706,-1.99563613205643,3.13562714982844,0.051964803767746,3.50568021971335,-0.0165029955097147,4.23311647375193,-4.96605059762613,-0.92886444924398,-3.1379234842272,-2.44925058406218,-0.0648995363715645,-6.2469844430882,-0.012573717369825,4.48067855241428,-1.56300307667582,1.00009614149756,-4.35991479405582,-0.160209716175889,-2.45374497365002,1.40270818062332,-0.255519895980215
33,-5.5329967455697,6.99757194553497,-1.76023580747506,-1.21550863203339,1.30576566192549,-2.83051758951694,-4.08607776263337,5.13012772879521,-4.92686094199938,1.42354869758187,-0.759491244762393,0.736730652073572,0.3008388573347,7.3472950706349,-6.22614392612964,5.51258820757428,0.747711154557016,0.320163130161102,6.0046213319909,2.7399994853345,-3.23041165257565,3.17205818301611,0.227481072763047,3.21530816680993,-0.368210771646185,5.65834509527307,-5.82067881802148,-0.944633677897989,-2.88800468043463,-2.48451390663018,0.0592332431807545,-6.91929110668959,0.0340746835445995,4.39924022025241,-1.5455571008568,0.888625522236818,-4.23371376143944,0.195478341676874,-2.11254154730313,1.41558052793269,0.0530026934301184
34,-5.57428378203006,7.02383095127614,-1.58901031486232,-1.19225714735618,1.34342182780524,-2.77092340112353,-4.11566875933055,5.21709502785852,-5.04365553096789,1.36303029919362,-0.70674933157448,0.785290086642315,0.378959552257722,7.47980075462097,-6.26743096259001,5.49703112819565,0.728335193714842,0.341918280577373,6.06085931566442,2.74445847066234,-3.22290852486658,3.11011732837008,0.236857210946638,3.34837451749434,-0.409497808106548,5.51552163959328,-5.57428378203006,-0.901454947568157,-2.85958903820918,-2.48324132867175,0.105888826987005,-7.18372169446416,0.067623288908051,4.43805817541815,-1.6783901585318,0.932993930354949,-4.44288167053896,0.17828885679557,-2.23496180408599,1.44680018225908,-0.0936448586880712
35,-5.5126405641267,7.00691479979999,-1.45063138254754,-1.22592410925715,1.39511471485544,-2.81678563611831,-4.03933482601718,5.14568773797471,-5.42562918713707,1.43956647742627,-0.871752295536532,0.76366110330083,0.3028459001095,7.46311933908575,-6.30109792449097,5.47111013840934,0.758519703800411,0.31094311034212,6.00933473636344,2.65563968868629,-3.0277339143387,3.16852504541529,0.203190249045673,3.47455625653527,-0.30963337738299,4.82026533754008,-5.42562918713707,-0.963559844789654,-2.87358323451144,-2.45949738335937,0.079024612408793,-6.30109792449097,-0.0549911590094094,4.39538214357482,-1.52871981951897,0.922926883794859,-4.38417531230891,0.206179787894039,-2.12671065459534,1.36746318352492,-0.260843213213558
36,-5.65376372718234,7.08293716941,-1.49042629347329,-1.20274422102151,1.37494416221746,-2.92684504177575,-3.86200425795429,5.18861438914518,-5.8079144070096,1.39871013381488,-0.915062148569729,0.882927870408962,-0.126604788205459,7.49954445407141,-5.99023596380356,5.69832206980983,0.650946205937035,0.301333175754764,6.15926633023822,2.73559609272401,-2.52450006100383,3.30811528549534,-0.0240892246798641,3.59304632457523,-0.377107857415486,3.89202795228095,-5.40244929890144,-0.764489290090355,-2.91754264911344,-2.14435276087996,-0.0395934112158289,-6.90652669567771,0.15394967032209,4.48986495303657,-1.2280620290058,1.02007590350367,-3.88610180953335,-0.0138850545056224,-2.2197765226972,1.34930173160412,-0.355446360634307
37,-5.69361263268589,7.04308826390645,-1.37994131767628,-1.0884424466978,1.30945282610057,-2.92102391044611,-3.90185316345783,5.08534365720414,-5.69361263268589,1.41182185874452,-1.01944957521085,0.865597828440766,-0.0237317097053693,7.4027000675185,-6.0300848693071,5.67676128830043,0.652023728142707,0.246558620034543,6.11411237250498,2.6859591808543,-2.28293650706919,3.31128376507549,-0.138440657481331,3.41611782639106,-0.454135766160786,4.41572697405439,-5.24162750894283,-0.777811441260472,-2.90332433334671,-2.1842016663835,-0.10582907189257,-6.94637560118126,0.139525863184354,4.46672952850676,-1.28689338542164,0.985627551180127,-3.95064332762727,0.010169841970312,-2.17146264060607,1.2831355177832,-0.326302394650901
38,-5.76166210985097,6.94084742199309,-1.5070630848636,-0.905177495581976,1.2543067537714,-2.80229748046786,-3.59669839473298,5.26163993900387,-5.14262290144475,1.37151982645994,-0.840638974444404,0.756220155782836,-0.19550101307082,7.40540144647126,-6.09813434647219,5.5545530608732,0.644746289319717,0.215413699804909,6.05348211326193,2.90395108668354,-2.55428066440851,3.21295592860414,-0.0250898123717813,3.42701676534403,-0.507147365961329,5.22120636942538,-5.40498716591224,-0.940229133640894,-2.95398206779992,-2.26083488723998,0.0155478333600452,-7.01442507834634,-0.0297087582280757,4.33008173499892,-1.390407572159,0.978519468971765,-3.99400019220198,0.0243584630422,-2.28262224142488,1.34024918357212,-0.704506800119824
39,-5.57257071203773,7.12819817532855,-0.937841723808096,-0.785078969255686,1.72722665472043,-2.91231117477187,-4.02500820332172,5.0704703938725,-5.67793122769556,1.28704419161647,-0.818980520931367,0.934707000347279,0.346323142235415,7.49216355252996,-6.08339633580372,5.69061051982111,0.617744693815415,0.349007707606083,6.13097511254115,2.76788530087845,-2.79375144004731,3.16776603069271,0.151014389914649,2.87205178654367,-0.374073680771906,5.20221020644182,-5.31020644757024,-0.863040510725398,-2.91231117477187,-2.41557029088762,-0.00422620827663511,-7.18200862447183,-0.0631823754097547,4.41249682749082,-1.70763931414344,1.06599707712879,-4.69710197468383,-0.0471177729059478,-2.36982426909941,1.36474336918595,-0.225463181320263
40,-5.29425845743602,7.06486536258799,-1.20505529471434,-0.95145253591542,1.8397125718973,-2.75934138707336,-4.0090602131875,4.97280326149911,-5.29425845743602,1.29138255267285,-0.856142356111095,0.903281732474023,0.536947048141624,7.38661398960338,-6.24976990246346,5.61943042642416,0.598235372112907,0.257507809921555,6.04248043930777,2.66216443369797,-2.4655802685452,2.99400524559896,0.0491793443924857,2.93832486056541,-0.341686964294526,5.13532219099689,-5.15115761379535,-0.912231822762139,-2.89636318463765,-2.40388669953986,-0.0114452774239489,-7.16606063433761,-0.114205011381718,4.35185237214366,-1.59390660215985,0.956607389008795,-4.3328472902814,-0.0553645113587842,-2.33375487576577,1.27856186424379,-0.481448906669685
41,-5.52520084796026,7.12555761883136,-1.08490530516241,-0.824720482167847,1.81433684744741,-2.75261212572048,-3.95658493004642,5.17353910807296,-5.63056136361809,1.28273409573966,-0.797813029247922,0.926848106476962,0.161774508379557,7.52674006514752,-6.21834802852021,5.63532622983849,0.597291961554123,0.363677110372618,6.14472836581963,2.7738363336528,-2.99947220365201,3.14728522786201,0.198384253992118,3.07633349188972,-0.278176775799777,4.82936232393608,-5.26283658349277,-0.890471859730627,-2.97575567703469,-2.3513223890228,0.0915702497063084,-6.7291736522862,-0.0656153338161038,4.37828670457587,-1.68574853536695,1.0854951967575,-4.64973211060636,-0.0827831374384695,-2.39844031199987,1.34173243650162,-0.514565553864007
42,-5.08723878196379,6.72293820647437,-0.513321139479802,-0.274429231197453,1.45279171689303,-3.25773898475289,-4.56114568606701,4.81239520125635,-4.65645586587133,1.6625122478751,-1.61193342814791,0.683483175367522,1.10716660914088,7.13788205853708,-6.55357585075722,4.98566692253039,1.0099708222411,-0.372869304010706,5.31702405848483,1.86563693229882,-0.756505441677458,3.02602658066317,-0.0413353490300752,3.62754343837719,-0.482068595975698,5.47814340762818,-4.56114568606701,-1.34956916368042,-2.13473524296062,-2.80800105296673,0.0884762624919153,-6.55357585075722,-1.08692316938996,3.88053995284108,-0.658255164202136,0.723441487669125,-3.96330868531139,0.34075640789278,-1.98230721644481,0.781623443051861,-1.43758004100313
43,-5.25532977812793,6.72759931608804,-0.149384304227348,-1.055624700248,1.43964473657554,-3.27432830926135,-4.52136060304773,4.97566134104665,-4.40803191774073,1.77758864380821,-1.56645032401399,0.619132678306741,1.08737832292158,7.57489717647524,-6.64162413924782,4.81649308922741,1.12761363511348,-0.433705028976425,5.14893306232069,1.98889773747542,-0.585621071002266,2.94943317114733,-0.233644647845088,3.83095794517827,-0.222715577312898,5.15397085635064,-4.07667478178628,-1.46547440667399,-2.14924944740507,-2.6713322256957,0.103612210236542,-6.64162413924782,-1.42487842639359,3.78263936790747,-0.701452886527388,0.913234381792856,-3.7889927093345,0.464981998479483,-1.89379765285821,0.715081359782221,-2.03645395325973
44,-5.03685997913956,6.65838704262463,-0.528539619141383,-0.431689793151465,1.4806976638652,-3.41215459457467,-4.42375550625315,4.8969329228919,-5.03685997913956,1.71289105069933,-1.61034478949311,0.733861978191754,1.28280089528578,7.18068506755285,-6.50319704793298,5.03604572535462,1.05861802290105,-0.554292115243798,5.26437063541082,1.78248434249853,-0.996511415652892,3.27056139792836,-0.236629210580081,3.56013920554504,-0.607876361377904,5.73566542042018,-4.82922061436131,-1.226784516773,-2.0372889292784,-2.81431759381905,0.0806731099334117,-6.50319704793298,-0.818484135997133,3.93091875566531,-0.607876361377904,0.643575131519653,-3.88823726989679,0.401219329783638,-1.83348834080732,0.614278762031222,-1.3872012381789
45,-5.11163084327714,6.27279257747357,-1.30062052057072,-0.972550387213646,1.15456462393555,-2.15590390433685,-4.92441930118899,5.13321893117439,-3.48662841430193,2.02318188634034,-0.882938228523959,-0.100995549180883,0.630617912206858,7.86082122148399,-7.17165429909987,3.82530414260395,1.50844236325322,-1.18018975199189,4.56748691622154,3.50265347231442,-0.377843279466954,2.53712763744258,0.206104609128,2.98826278238393,-1.05729161566874,8.02048870907256,-4.90032174960993,-1.79566389423362,-2.09648048386605,-3.72044649686306,0.608359441605916,-6.27086775376168,-1.67827634998045,2.81305869335884,-0.633848495265164,0.176834226827887,-3.91949249659821,1.32690481277147,-1.08313284685262,1.50056830682231,-1.83559660456899
46,-4.76246276782416,6.31967978105361,-0.603031589082173,-1.54008431240476,0.908627345146499,-2.46868830451227,-4.60082141626774,4.72895899257245,-3.70260346545328,1.93305419332603,-1.71543719988262,0.321444727378422,0.663337031468973,7.56722383367319,-7.01375456643066,4.25497393802753,1.38315245911108,-0.981468024802418,4.49917089853957,2.29944319098524,-0.0106891076441933,2.51503953666406,0.230472949172695,3.40305549007005,-0.726825806428837,7.40789179510393,-4.30016418495283,-1.57567525750746,-2.01992639065078,-3.34592852151455,0.143461572183065,-6.0974638345565,-1.52275285605312,3.12940583937089,-0.55750833405809,0.591305903260091,-3.59876386263616,1.11039603687597,-1.1702101493993,0.578779643440911,-1.67461520536236
47,-5.05019388755723,6.22270523906004,-0.589843053967514,-1.35686008309391,0.800056770754212,-2.56826786590737,-4.89349543565117,4.52924394835624,-3.3166438044151,1.84859272144215,-1.08598512895851,0.0939727991635473,0.886210882367723,7.60501892958377,-7.12963542923707,4.00182043318121,1.35267050317873,-1.33488117637514,4.24566865785711,2.74853431531477,-0.193709273288234,2.62385945362047,0.287515880701466,2.92288770245955,-1.01405871142105,7.86453012506885,-4.43597396558696,-1.61678288591142,-2.18290393712029,-3.59490665495039,-0.0218590163615744,-5.85666975342418,-1.18946417651664,2.94720501011026,-0.558352386876143,0.393305488835303,-3.65280063336929,1.20466461348626,-1.08429164845218,1.21829344454186,-1.06917801064213
48,-4.54236779441243,6.32372028910895,-0.31136570981059,-0.721041350455097,0.980248525080371,-2.54888720945757,-4.3390731142382,4.24206880177831,-3.81792360713057,2.11737066851036,-2.52553984546058,0.606604283583285,1.22486879860022,7.62240104497651,-6.43756285088873,4.4346619088941,1.34886116817798,-0.963354817877027,4.48449428264197,1.10798951357019,-0.455760214692484,3.58370773730378,0.360549250643581,4.4199557615044,-0.207687280335748,6.10909444281575,-3.8667137713,-1.98142824406112,-2.017795888232,-2.87128571886712,-0.222954752466537,-6.22992348611048,-2.65687584752167,3.08702662092396,-0.774335312398945,0.809408150660373,-3.01480471012,0.923225953120682,-1.20481017283357,0.182510355641627,-2.2572758588659
49,-4.76101447876323,6.37259356551851,-0.163334964504296,-0.659234938053611,0.917577747064413,-2.78258966682337,-4.49406830479063,4.72197008830019,-4.10589469379252,2.16888192609612,-2.22047074866983,0.443484132567152,1.14885142446187,7.34713262959663,-6.43997845384594,4.60773189861035,1.39203572665953,-0.805188850676691,4.69898057007549,1.32304285517258,-0.694414445174784,4.6931496497647,0.177424524128537,4.13441067030281,-0.461599146286614,6.30609019275,-4.02406467554489,-1.78032008257378,-2.07306545698211,-2.97424255104621,0.0583036956304936,-6.56781182535583,-2.29367415269313,3.16779485454114,-0.75776015710558,0.612742595386382,-3.88120195549148,0.937780454381932,-1.1783250716695,0.302902181945963,-2.41462676311079
50,-5.025759861614,6.73544512794198,-1.06754747371648,-1.02672547919622,1.38620767096669,-3.13319569326398,-4.09145062423716,5.23349313047802,-5.22643055707615,1.35127625308258,-0.931415299391897,0.640981341361854,0.206806127371258,7.3001139837288,-6.32504284574426,5.43734347885755,0.640981341361854,0.0437159325051915,5.7921985860793,2.48978274897693,-2.78892614618273,2.95606659712013,0.177247325129714,3.75519521853637,-0.137463419709986,4.7519583036331,-4.5332833765162,-1.1971184651249,-3.00481452661577,-2.50367420858424,0.396382855046385,-6.73050795385242,0.12067697364132,4.37444927279152,-1.46007579079392,1.01232800157833,-4.5332833765162,-0.165242983817062,-2.45384183483637,1.35590232147136,0.177247325129714
51,-5.34738255823708,6.88608906148121,-0.670408640120002,-0.859995407905369,1.61443994201534,-3.10195587908298,-3.96108819711719,4.83120828454397,-5.75284766634524,1.14485727678339,-0.93795694937508,0.805350136467028,0.468404974795619,7.39583301937646,-6.1583127744534,5.56162685990115,0.314806019120287,0.100312209385561,5.82617760032951,2.34376677915278,-2.65425800735154,3.05701513903382,0.196057266343945,3.43046403324302,-0.0435250113134242,4.38042798022377,-4.5488748620193,-1.08313895921958,-2.88116804146123,-2.47570293335306,0.0360926166512674,-6.44599484690519,0.30705404231597,4.30479056601814,-1.15269002218069,1.10185839154708,-4.71139379151708,-0.438000997845994,-2.60296471296399,1.36462814361897,0.356399916419125
52,-5.559014378196,6.65535707014887,-1.16662495648657,-0.799693512380649,1.34874090078614,-3.14608122803309,-4.17272001707611,5.2268623545386,-4.46040208952789,1.38796161393942,-0.905054028038476,0.600785483731198,0.0394075808023757,7.39690079157067,-6.65762666686411,5.2268623545386,0.553930066449693,-0.0509764806658932,5.70331068922698,2.46933209617302,-2.82898527037501,3.18664152601205,-0.085344124170101,3.86104652476225,-0.150348954479097,4.84524846225262,-4.57818512518427,-1.26627443434888,-3.10227860537469,-2.49096144306238,0.354488627442271,-6.65762666686411,0.150308276835818,4.41679383591975,-1.28003611942156,1.21330292989103,-4.46040208952789,-0.0783754548540077,-2.30091784017452,1.26172952379651,0.298918776287461
53,-4.97029134846307,6.54374461079119,-0.59803450538499,-0.482904198131359,1.51519170409453,-3.58399698734318,-4.76962065300092,5.69607672264768,-4.52845859618403,1.98836826038084,-1.77388837944692,0.392564539222541,1.04586581123529,6.96280537200502,-7.16751592579929,4.51092397764852,1.27495371942101,-0.690543562909603,4.72384597489119,1.64234687957977,-0.0207437463466489,3.1109775273603,-0.0774390900231943,4.19574876461654,-0.374049793219277,6.15860428911906,-4.27714416790312,-1.64605500793704,-1.82518167383448,-3.07317136357719,0.423336197889295,-6.47436874523934,-2.24026224064208,3.26659987779901,-0.371810150625772,0.344555320036181,-3.50395427966964,0.632237392487962,-1.49419265862779,0.573148476117955,-1.05826834303492
54,-4.9668288447153,6.6207401632507,-0.592645387502442,-0.361658658727207,1.63643724349868,-3.38270874026549,-4.84904580905891,5.66962738256745,-4.33822018529292,2.01904421353079,-1.60819107747194,0.465800859440333,1.16167655465348,7.08405091140917,-7.04627038639513,4.57101509389934,1.39404176068515,-0.773393379848967,4.69776679953848,1.76359241898392,0.0184886413966678,3.23907240861003,0.084628443901213,4.20138660096021,-0.370447164760286,6.52333963313231,-4.21305704233892,-1.66637303285467,-1.66637303285467,-3.00321911856058,0.554632073146948,-7.04627038639513,-2.38283129228307,3.26268227424916,-0.349236138728649,0.337719071583375,-3.51990986177897,0.741111640089567,-1.51288089766761,0.736953629940903,-3.13424738096699
55,-4.81349580513004,6.67922695252267,-0.668775035582876,-0.565000563080684,1.77954872901239,-3.40250883141978,-4.71818562532572,5.29293259140277,-4.47702356850883,2.15252838197607,-1.55539926710856,0.406860019948281,1.01838667215347,7.20020494775267,-7.11608089812409,4.44563473101557,1.47807333442828,-0.639108535234406,4.72614831398874,2.01087786491304,-0.32149431724759,3.38624315550074,0.190450500815416,4.59569542559131,-0.0177052595333023,6.55092965152174,-3.82024403211976,-1.92312404723388,-1.79307091898568,-2.78534755783776,0.362653927443786,-7.11608089812409,-2.91138827873312,3.16926189688107,-0.476205064297553,0.406860019948281,-3.65034499532436,0.824858864203702,-1.36987770758394,0.667143118211948,-3.20405789269594
56,-5.30972713382383,6.35161833626467,-0.602451724898587,0.211733784038414,0.853587670210809,-3.58250618573335,-4.61657995326389,5.67131929818257,-4.21111484515572,1.42516174713511,-1.79074671650529,0.496912726272077,1.20313198839937,7.41215867698337,-6.69602149494372,4.83670659732269,0.796738805978656,-0.867075877333516,4.91674930499622,1.69333832496263,0.144525034344964,3.88041053083483,0.0667080119881565,4.39378392667962,-0.386103216717206,6.24482000583722,-4.29812622214535,-1.59007602104314,-1.89610723216312,-3.34611740766912,0.500665075890627,-6.69602149494372,-1.18461091293498,2.93631328709183,-0.395235700280479,0.548206020659627,-3.70028922138973,0.333951416762663,-1.76515116931633,0.799520448940533,-2.78399848951558
57,-5.31507863837764,6.32300996954659,-0.757699116225896,0.494064351936389,0.648215031763647,-3.48695152497871,-4.8732458860986,5.23318251043422,-3.40142935154055,1.64463637953521,-1.6543700612304,0.414299383467526,1.11643135043529,7.11413755846674,-6.81915603515391,4.85503757741244,0.978546000362778,-0.933052003703757,4.90484039989626,1.81136584156933,-0.268075700110508,3.95667036172719,0.291540087824915,3.74185152029901,-0.867212246208214,6.87982070655441,-4.67908987165764,-1.44387762746975,-1.8219437613898,-3.60028021028571,0.232699587801981,-6.81915603515391,-0.584745309435541,2.90400796325093,-0.491219251424718,0.0683965365107051,-4.07831601122871,0.564833422824596,-1.54359565572849,0.55860287307396,-1.29769511729167
58,-5.29810165835662,6.35940503542472,-0.779942849358157,0.287897780643199,0.606351511761734,-3.62412522478495,-4.72273751345306,5.41878220289103,-3.99881867422636,1.45104859044888,-1.89690427669446,0.459748037569858,1.21578764836071,7.25234840330188,-6.80217905513289,4.92585778945428,0.823416016999561,-0.848935720845108,4.867750158647,1.78267278475716,-0.00535533685803768,3.92876801557077,0.32068760346619,3.93963768780768,-0.77873146217186,6.79018795151717,-4.5508872565264,-1.38830334795058,-1.91559640970662,-3.50634218912856,0.287897780643199,-6.80217905513289,-0.765502165203363,2.94465468735786,-0.294901342747881,0.227793856573494,-3.88440832304861,0.401970236903046,-1.67228034020982,0.747430110021639,-1.50386168858486
59,-4.40239898680347,6.43407417617899,-1.41852121278402,-0.233465567590292,0.970507236735643,-3.41151939793824,-4.50888246720592,4.48018526139187,-3.64093256226604,1.74609808650666,-1.12151308715105,0.372670235980023,0.118510855566886,7.59473845341466,-6.20431082749554,5.16864859263939,0.845864791528367,-0.737370748511709,4.70519622688087,2.37614456069867,-1.84030269832434,3.11789944032399,-0.298004088727864,3.83270811766511,-0.563707254460869,6.65323630219401,-4.55879685858763,-0.973529667937989,-2.9415157686925,-2.73730022726381,0.114841126677923,-5.52142014710278,-0.60061181139632,3.52092849363427,-1.05420940525495,0.602608830427061,-4.65371341508437,0.419835704422453,-1.42707558488068,0.895918379744571,-1.12151308715105
60,-5.176249082087,6.6078291533838,-1.30778405099798,-0.066832243430957,0.994801041996065,-3.35222875064072,-4.64755133355488,4.57240449712074,-4.98983754004152,1.6279655179543,-1.44327430810784,0.499830790019869,0.158289547895358,7.88702537894733,-6.15162873033116,5.47811311966436,0.758298102164487,-0.46244505509611,5.00151136828594,2.26981940412669,-1.81975187934275,3.27312151299048,-0.299926125598335,4.02586079075267,-0.796273730183672,6.49549996840988,-4.50380657488874,-0.879744620851277,-2.81787262946454,-2.74321110069552,0.335327076542708,-5.62356130013066,-0.405286641256161,3.66088704399924,-1.10680207148662,0.8921006077092,-4.60037277327979,0.256111840989204,-1.58411526378107,0.794510791659294,-0.810751749364325
61,-4.63258421607029,6.55338534103398,-1.46521139514268,-0.259562144489491,1.00816369668259,-3.38267106426568,-4.71995784627888,4.50334167033981,-4.22050095011965,1.87368210318332,-1.15841781454154,0.360636036424286,0.221684576330424,7.70227751942416,-6.26621685709145,5.21139860526604,0.954410743171028,-0.562434382435248,4.94118117510699,2.49911110968831,-1.87151578152084,3.12984066067983,-0.224990800424403,3.88061695407641,-0.535587132399059,6.67789828890656,-4.48471388803058,-1.0698644172001,-2.84481676811177,-2.87184544049969,0.0925799284292537,-5.69212903654749,-0.677669646012832,3.41794637219746,-1.10084796272007,0.663739131870881,-4.71995784627888,0.515558619030127,-1.22608880877058,0.855661821845514,-1.07553015473578
62,-5.61090602622724,6.8243524850731,-1.12295085543153,-0.961284077668319,2.06302156832973,-3.24662736422786,-4.70069434042947,5.08653340599079,-4.940748363892,1.62789554009011,-1.2064065357013,0.361437479433959,-0.0537270257629183,7.59289768311726,-5.97191937176457,5.12680730512873,0.815876592138583,0.0140955705758428,5.29310199221079,2.38019406929221,-1.58447266962135,2.58365806265998,-0.407898839483532,4.17195353852027,-0.424705957799913,5.28471033457454,-4.77668024740739,-1.01486832380243,-2.73580174046187,-2.46102307284599,0.0979142424589141,-5.48307265471736,-0.961284077668319,4.10112748595166,-0.894031850659152,1.64729269997284,-4.15158653009246,0.207286799606701,-2.00491423191908,1.13433032325712,-1.6988830207991
63,-5.67222173043124,6.73297959020927,-1.8052670104048,-0.73786974108461,1.51085136201878,-2.89435037572703,-4.9875852395392,5.26872368761967,-3.6098746221107,1.70129088691519,-0.881909111307548,0.188129804916505,0.376871929513383,7.11027382135074,-6.11217301461057,5.01354078256085,1.04981640275581,0.0594176987279318,5.228902193433,2.45631347119322,-1.46575987008843,2.58734173359962,-0.127309151533939,3.76193992924565,-0.765065483893101,6.29576578378653,-4.76615255262862,-1.07727309851468,-2.76504285421869,-2.65138353574617,0.0427968174918911,-5.94309668456664,-0.96866443913434,4.17011139895156,-0.784041385352106,0.926148739653626,-4.61986045941388,0.435140837637359,-1.92571316348066,1.32310973775549,-1.67885308554914
64,-5.44895190929822,6.71456112181316,-1.22804462376769,-1.19706107824772,1.65295938412488,-2.97201342915939,-4.93812628553223,5.25482746124919,-3.71435085391011,1.79867119530627,-0.354617596325314,0.123564179364314,-0.127104045339986,7.28914856764855,-6.07310621837121,4.79015717797881,1.044369591593,0.0287063859056369,4.99005387959427,2.74501427224683,-1.23330318102115,2.40326497852477,-0.250718001307163,3.83260109090323,-0.487106779371393,6.74514454518524,-4.49987135460107,-1.28561447558916,-2.64992992999028,-2.7096491646919,0.159123481400801,-5.96774570271338,-1.61617827552421,3.77908803977737,-0.685557718095231,1.10721749525266,-4.52791057466546,0.445713254453973,-1.87007335039861,1.31707520985522,-2.38422676425727
65,-6.05468119533572,6.62139507944019,-0.286360199541952,-2.32497974670153,1.88862823634739,-3.34663099423351,-4.66838683421583,5.12043781000015,-4.62756483969558,1.14574369760923,-0.41395685664666,0.831169248258363,0.457559306391417,7.43924573850109,-6.46014630344389,5.24546350535584,0.455080990376949,0.0320935315765825,5.90293009089595,3.14392392042204,-1.78498374563576,3.15064663481691,0.429954040299527,3.99578854754905,-0.871026737107828,6.48189351982916,-4.51423615438858,-1.19357763521043,-3.07575604009811,-3.00225357810519,0.0168260594457941,-6.46014630344389,-0.519975050723458,4.41317274789442,-1.97997260763048,1.11158477879791,-4.18287901843413,-0.118905554088331,-2.37838052342865,1.2246376400789,-0.843375205777317
66,-5.57257394656164,6.88133486287311,-1.20470962570026,-2.13055457037923,1.63528592487083,-3.15220581791121,-4.70757650907504,5.37163191622369,-5.08706613077994,1.36230999980875,-0.312477792833803,1.02559442458066,0.344301743555267,7.38432499111516,-6.55340319957337,5.41694711243574,0.61671634387626,0.281781386573933,6.18329769701898,2.75224735220714,-2.96066760601233,3.31962514547805,0.593368979879269,3.6841727982287,-0.70503949610606,4.93249359300894,-4.60749305051806,-1.04131944352372,-2.84799444350822,-2.76921356565511,0.0929873152743612,-6.26572112712159,-0.312477792833803,4.61232606541267,-2.01010841730336,1.24771530663922,-4.12565496362532,0.0532469866248473,-2.21829348468724,1.44179106747875,-0.648950029455016
67,-5.76130128539382,6.79894317385697,-1.00019629778497,-1.62613472865146,1.5351119833801,-2.77814779404669,-4.79622038935023,5.33421300044984,-4.40675562258851,1.43725619337634,-0.113207716598207,0.902788806553311,0.56440086053396,7.21603631996025,-6.45444846595376,5.38417713865577,0.850403671466021,0.26697723483688,6.11452967326578,2.7951126191757,-3.57806295003234,3.25211137739905,0.878574548432717,3.43011107669684,-0.775983799281853,4.76745602529917,-4.89630384790721,-1.11931712628301,-2.87092952749765,-2.87092952749765,0.15557440472309,-6.74213053840555,-0.345200883189399,4.50073445546272,-2.25724651829196,1.06307238464927,-4.28539476558424,0.383420685564206,-2.2312710318887,1.74116110133501,-0.462983918845782
68,-6.24613618297009,6.54215208241275,-0.716707095458666,-1.17096236773626,1.83100045556836,-3.47354746073031,-5.14752389430198,5.25673894614664,-5.37066744561619,1.26265098766419,-0.371205452118059,0.669587265661225,0.0818006007591054,7.19831069360335,-6.75696180673608,5.10662052984732,0.526944192685446,0.00383905928939354,5.7891481415798,3.39858064060868,-0.995959191749987,3.49718261741322,0.40025433187764,3.60816112537527,-0.978278023906761,6.57512210165032,-3.90433037682276,-1.31454409621429,-2.9211001622735,-3.05978354980745,-0.0355361059454364,-6.75696180673608,-0.569382380701807,4.35049855012598,-1.82488883514293,0.928588126866287,-3.9843730844963,0.0889180685279696,-2.21012719776095,1.54538663618064,-0.852508636617728
69,-6.29037106425911,6.66357366152026,-0.439606399254258,-1.27973577016285,2.13251144768589,-3.41398554833768,-5.11171606791746,5.21502613429033,-4.63214298765557,1.0604661864025,-0.841480839231694,0.830477430183741,-0.0462041635953687,7.67571235218454,-6.57805313671089,5.17651046220972,0.31289502395487,-0.0413615391195807,5.86440828688352,2.97113759429148,-1.26978543930968,3.48243816463491,0.05964167116929,4.31868618883553,-0.948036812294294,5.86045310704059,-3.96309335867469,-1.21832714203421,-3.04193643714936,-2.96713522406666,0.0464546668873362,-6.57805313671089,-0.343642410992514,4.4184756594439,-2.06353731899093,1.1582539598374,-4.03907926565261,-0.220788737887171,-2.39346169664101,1.1480124657852,-0.673599966592533
70,-6.231245884377,6.5344425490886,-0.742308158220314,-1.62607569838891,1.70612881178629,-3.45865716213722,-5.13263359570889,5.27967757792256,-4.84495152325711,1.26762384959993,-0.323162946208069,0.670491322279574,0.182213072790357,7.23044279863095,-6.74207150814299,5.13317957227478,0.577793421665979,-0.0287103671890776,5.82980098910292,3.59967097532429,-1.39973725617818,3.48108116269797,0.350779254515826,3.52721589610887,-0.943989465188388,6.59540324887828,-4.03402130704078,-1.30834950458875,-2.98865353289148,-3.06999917234544,-0.06582803014558,-6.74207150814299,-0.554492082108718,4.35027521090903,-1.96856600733568,0.894841388922124,-4.15180434269716,0.117893107002798,-2.23121200162614,2.09720518244236,-0.837618338024638
71,-5.96875511153065,6.57378977062073,-0.706064922625768,-1.18126336874861,1.59132535349117,-3.28773358281636,-4.80560430172497,5.34327741106019,-5.7864335547367,1.2740428112631,-0.85676732317411,0.759873501554048,0.13156384048941,7.09597915303704,-6.47958073529664,5.19034847848325,0.579463991231719,0.0227094355773283,5.81724627350199,3.16686171424959,-1.29405886289395,3.33871197117625,0.0667263209941025,3.67596171204811,-0.818937753301061,5.78318725391008,-4.14420581947961,-1.14847354592562,-2.96307250712349,-2.74987928666245,0.175430522594992,-6.47958073529664,-0.455326365365671,4.51134580530947,-1.51208493386101,0.813436944476138,-3.62694930538333,0.0809783437013043,-2.14447102041051,1.08742017256976,-0.670437744982617
72,-6.02331103886814,6.50484510583115,-0.602776039595854,-2.11128803343999,1.44975804916406,-3.0684007598344,-4.99369162168698,5.48761242343142,-5.68683880224693,1.31752451525513,-0.38852143569889,0.678649327134401,-0.00228768951861325,7.29461912208017,-6.53413666263413,5.13579255114576,0.633415485310252,0.103558145246045,5.83745042137362,3.56409496669451,-1.5948780313801,3.33889168241729,0.315283039335043,3.70343933516793,-0.883989403810561,6.51206535380464,-4.26545312131577,-1.26972084776177,-2.92321874998991,-2.9053611325899,0.183264887856788,-6.93960177074229,-0.526142813574938,4.40490504260297,-1.90916384934986,0.824694235708224,-3.84855931738398,0.230517772707334,-2.14795201781159,1.56754108482044,-0.462629407852612
73,-5.98055992838455,6.54032345698566,-0.806672640214692,-2.06853692295641,1.69730357229366,-3.27250972728234,-4.88194763971644,5.40453216507579,-5.02504848335712,1.25937266293592,-0.491622202227865,0.701548669065257,0.13312225144768,7.3340753366669,-6.49138555215054,5.18138861376158,0.520729742155837,0.0924846057158533,5.82801577868663,3.44811243790862,-1.66307181484824,3.29930650624024,0.226015998340376,3.82310728886937,-0.796531708238643,6.3910271556232,-4.29416097481432,-1.25671821267896,-2.96502502753438,-2.85379939242416,0.197384185666049,-6.89685066025871,-0.459099010522305,4.41762386598768,-1.83425562723174,0.792520447270984,-3.87642577411434,0.119759023635512,-2.15191853189546,1.15830707156097,-0.49992100504256
74,-5.51727069299489,6.60179057554566,-1.00093172071341,-1.7875692443607,1.83943480603515,-3.67144400249656,-5.0064450692289,5.51761897103234,-5.0064450692289,1.27207635493695,-0.772338564631637,0.964816770561566,0.506983676936086,7.28580527254233,-6.615882981663,5.46519317369249,0.565708962948869,0.0239928521635395,6.00725390781869,2.74717847733085,-2.33229641980237,3.45099811778157,0.19205196203693,3.88644107196184,-0.80026102525126,5.1822214255409,-4.41865840432678,-1.07070553718343,-2.95232133553335,-2.77643066906969,0.335889182735915,-6.615882981663,-0.270246620834401,4.58915770353793,-1.93375175453878,0.95713427438955,-3.72551122376683,-0.0297113268083216,-2.33921686264694,1.39048458598725,-0.138910618773314
75,-5.55765012953174,6.61452096432275,-0.905278342059355,-1.82794868089755,1.72166870588288,-3.37911768520767,-5.15218502142358,5.6653685679646,-5.55765012953174,1.24659477308073,-0.703019083912066,0.919322233357942,0.319151509256101,7.3076681448827,-6.65626241819985,5.45824303380483,0.616135974370196,0.168111251843236,6.04755061154766,2.949492726031,-1.93330919655538,3.53052260847023,0.226175052797997,3.79534654284596,-0.937591331049899,5.9718046373897,-4.45903784086363,-1.08601133616817,-2.91859279991648,-2.83855009224295,0.494439039392676,-7.3494095987598,-0.242803461032493,4.59529828263597,-2.13992344591837,0.942136911124114,-3.94821221709764,0.0591209681348306,-2.38656496849989,1.36663445140161,-0.0361892116694942
76,-5.50152268371609,6.59918944615626,-1.00171301338583,-1.7718212350819,1.78922484752215,-3.65569599321776,-3.57971008623984,5.45220357320393,-5.50152268371609,1.26120682321579,-0.728017182908785,0.962546274337684,0.287417599280417,7.09884176932412,-6.6001349723842,5.45511478341139,0.54269242877742,0.0844767552837262,5.97404699471037,2.71905980450406,-2.20568581771176,3.38031362128806,0.271993128954785,3.83250916060264,-0.778569462071616,5.25282779537174,-4.46006880888793,-1.08872439037546,-2.93657332625455,-2.7824226464273,0.207799971315725,-7.29328215294415,-0.308565832825881,4.59120686845857,-1.89965460659178,0.925505002657335,-3.36145652021982,-0.0278524296901934,-2.30284956616541,1.30087207960822,-0.203205317168055
77,-5.38212696276144,6.60080213145453,-0.984938080347879,-1.18242188488151,1.56911342816044,-3.37465892070669,-4.80676281785788,5.28940907850775,-4.74613819604144,1.23497888254112,-0.744166953950355,0.791659141140499,0.704647764150869,7.2477599295451,-6.48073925142955,5.41744861433133,0.589701609829685,0.0115005835909239,5.84755102682488,2.58650027690596,-2.3919657342569,3.43434743694993,0.236662299061371,3.61336866071523,-0.863968153762976,6.2753797310199,-4.63491256093122,-1.19922900319789,-2.86982133878532,-3.0467520469444,0.42701602755259,-6.88620435953771,-0.43257936064502,4.38464954423279,-1.48352697766543,0.843530971847339,-4.0529910154815,-0.0192710750758298,-2.40320180752383,1.36962406774412,-0.489274704321566
78,-5.35406870537737,6.60780697964077,-0.974823713665362,-1.15436362749744,1.39768232512819,-3.13245267491699,-4.77870456047381,5.27266405887599,-5.06638663292559,1.28071064854268,-0.663740711048969,0.779570330511157,0.438267166620279,7.27217519565067,-6.45268099404548,5.38954821806735,0.609224964763918,0.0840106035458281,5.84566692759387,2.6183973105972,-2.32554660900039,3.42719669285152,0.393198881218573,3.6414269180993,-0.929887630949452,6.44653883204464,-4.71807993865737,-1.25234403585764,-2.80636115435034,-2.99741639111305,0.236088743771114,-6.85814610215364,-0.404521103260949,4.36709729036481,-1.64593143465902,0.81971739852457,-4.02493275809742,0.0242913688442057,-2.39800168821581,1.44832605794694,-0.461216446937495
79,-5.32275737610682,6.58221017663943,-0.958385676671665,-0.940730741432944,1.3618543515611,-3.37684722705151,-4.79212912504465,5.11722354694387,-4.2580466391144,1.28118644849365,-0.748046397603443,0.788709963395853,0.509125101176691,7.23748708314396,-6.52673018043276,5.37823737231349,0.57987595729454,-0.00463738226260935,5.77767836581827,2.55577682003354,-2.28780438939955,3.32721692654323,0.364217980232994,3.53233560392181,-0.886005841743698,6.46779982546168,-4.73497071120471,-1.23678106355524,-2.83785072631883,-3.0403749904303,0.11532193281637,-6.93219528854093,-0.486475469155348,4.3513170121015,-1.58747154917873,0.861391514830657,-3.8876728508175,0.0432186389150258,-2.27348433562481,1.42247897337754,-0.53526563332478
80,-5.77666952488164,6.53150834358569,-0.869544607155048,-1.64150296813928,1.33402659809719,-3.44939181929722,-5.08352234432169,5.54690976835767,-4.86037879300748,1.53488280510797,-0.749504928834173,0.826596563332336,0.25160899534906,7.05801178007091,-6.46981670544158,5.45190165772948,0.859932983599928,0.123227828700853,5.80857660166822,2.60126159920109,-1.95895719892473,3.61807357009232,0.136833480756631,4.13800521704505,-0.962454711958839,5.52553490877294,-4.76506861320316,-1.24946088036326,-2.74412327820493,-2.92885738140427,0.202216240019483,-6.46981670544158,0.0522760927285684,4.52391488609214,-1.6949037448664,0.734332586594355,-3.98491005565358,0.176573809406146,-2.35077953062911,1.33402659809719,-0.360569122677219
81,-5.79721342405027,6.53769209332287,-0.789917031219533,-1.66204686730792,1.44701409155308,-3.4458381668868,-4.98628320783395,5.54729338929499,-5.39174831594211,1.52925218979005,-0.873589506943648,0.792400574995373,-0.162423820881025,7.42046013315838,-6.49036060461022,5.43467451118684,0.852418584721626,0.109509894602617,5.79498522181446,2.69977706004844,-1.91050822660642,3.55288889030107,0.248976022746954,4.31328829787018,-0.871772976017251,5.67228248299262,-4.69860113538216,-1.27542484700123,-2.81405993270314,-2.90684166615411,0.225022781724461,-6.49036060461022,-0.00572536897496789,4.48642142860973,-1.67007903900518,0.819520881214567,-4.09246533181185,0.15602991023751,-2.30070586258379,1.27181000252798,-0.275752506188028
82,-5.88493391690387,6.54998030105515,-1.02844930263488,-2.30938314809694,1.73015317763017,-3.09464561756469,-4.27549600446977,5.17723016504301,-4.88640508679275,1.33658880500572,-0.224954064906065,0.507222459559615,0.092141892752009,7.22304072304836,-6.4445497048393,5.21247610410469,0.613778432622215,0.117187924678096,5.70097644082284,3.08968412155124,-2.07510185237228,3.14593796726076,0.455677307722049,3.48484922948133,-0.579499082586973,6.3067499911742,-4.61196824109099,-1.28837210545238,-2.86103076638319,-2.79389146354556,-0.006798055102895,-6.73223177729108,-0.139187243148641,4.26986806391316,-1.90926564631537,0.641351759526315,-3.50011072567286,0.151913636051926,-2.15752079878769,1.38944663687016,-0.392460535914879
83,-5.57320380180004,6.74508083433706,-1.26240467641452,-2.13118442561763,1.8200592929638,-3.30883992162619,-4.09729728199046,5.28579519576353,-5.35006025048583,1.37015990464947,-0.872723436007621,0.678218269744871,0.661206923918334,7.23786763751338,-6.26635098235998,5.35542888752233,0.661206923918334,0.233436058295872,5.80332903826464,2.79606925953958,-1.96228588915581,3.22540184905439,0.109525263658332,3.65571295574908,-0.408417827876523,5.57946889788357,-4.60812290575645,-1.11740407246621,-2.8163634365284,-2.59639953813156,0.138877475670859,-6.55403305481176,-0.373326508065253,4.43689348579435,-1.61955912168107,0.772432559028559,-3.74062233805173,0.0880190584373679,-2.12321625596845,1.09565956889975,-0.968033615811946
84,-5.76637500529801,6.63971877412552,-1.19019235618317,-2.19082423649108,1.64647522274113,-3.21247548402306,-4.07469899462694,5.23334104455095,-5.51506057701711,1.37927168163289,-0.700169860046946,0.644739284910091,0.517225964611131,7.18503057396268,-6.32599079323344,5.31356732267016,0.65872552688483,0.166249041787036,5.76915029158946,2.92836646415952,-1.89220222400096,3.2118531453812,0.297410203389596,3.4954729238241,-0.426093439650943,5.96740568046841,-4.57679093842418,-1.16406605159095,-2.83708783115217,-2.6950053175384,0.0240219421949597,-6.61367286568522,-0.101432363958075,4.38842697551902,-1.71832372704676,0.68837422080696,-3.80026214892518,0.115752877772504,-2.12878884557163,1.12699153623203,-0.468057638749976
85,-5.72866262590002,6.92636023967806,-1.07894406365086,-2.40442628537399,3.57799751708184,-2.90200668238996,-3.91855401800377,5.17831220354042,-5.97997705418092,1.17240366493132,-0.718027331803762,0.765259295303439,0.166658060655063,7.39813534857218,-6.31644929080214,5.60858582499492,0.481491122172794,0.392855049456163,6.06357666185148,2.8126810257485,-2.86964139788793,3.29802196626907,0.172755640523181,3.23036331779526,-0.211656058387151,4.51920234276444,-5.15329848099646,-0.969341760084668,-3.18095507487299,-2.46630168909208,1.25708197194381,-6.82727491456813,-0.0549576064810942,4.45413874941737,-1.67013716148287,0.958723028650636,-4.52468982157408,-0.176564738575881,-2.43282575989569,1.37976334854427,-0.229674563889829
86,-5.74961337850538,6.85858547386744,-0.815139445374691,-1.04913301271297,1.21641080860073,-2.69090630579,-4.00914720366488,5.17812204740999,-4.71999396132422,1.38128545179096,-0.481755219442055,0.633893256378623,0.288257541416755,7.37873207057649,-6.44276055906533,5.50841983683606,0.688138271231019,0.415804475726037,6.03333922367791,2.9038574312034,-3.68275061903241,3.21992850691787,0.396715879163514,3.45269482177354,-0.307195667983589,4.8643699929253,-5.10775949233299,-1.07678454404348,-3.04156317740317,-2.59261295735527,-0.00982046632614875,-6.44276055906533,-0.111258709171637,4.32782748115418,-1.88678061726801,0.810001858987859,-4.29099835580587,0.111172844960483,-2.28700736871458,1.39715880094725,-0.268974455163391
87,-5.73855400989712,6.94098847285528,-1.14007281205982,-0.691551071629985,1.64612534117533,-2.92514329313708,-3.92844540200086,5.17451220893673,-6.32634067479923,1.10258652000304,-0.765659043783707,0.740126295337724,0.174948995741155,7.59533007899343,-6.32634067479923,5.62225574033623,0.423590518989335,0.455851381207557,6.10287552204515,2.93469281149247,-2.49336087671154,3.36147534126138,0.168924881137774,3.40991095836098,-0.28608596352182,5.32808435244469,-4.99133960806689,-0.988802595097916,-3.23529822144092,-2.51524358796105,0.109809693570193,-6.32634067479923,-0.0841174093440693,4.40569869530304,-1.83995402480111,0.940486672721356,-4.32486067458911,-0.23051611236701,-2.51524358796105,1.36987196454717,-0.334876127691253
88,-5.62783191963263,6.93081637008533,-1.63884787306836,-0.935650356654912,1.20441580684136,-2.78398017737136,-4.15452618152311,5.34193254092867,-5.08128821326456,1.32437512192034,-0.575647622623505,0.670448654513674,0.230101234850826,7.39922127796737,-6.4162892799969,5.50874583580016,0.670448654513674,0.331297246832412,6.07496230776693,2.89480099507942,-3.20544562682597,3.31877962091426,0.338314819491059,3.15032595589667,-0.460451910532073,6.07496230776693,-5.94628565075117,-0.995754280724618,-3.00844735561608,-2.53678946627432,0.309944122361844,-6.92711490376289,0.010199177460787,4.35849163848264,-1.6338100790384,0.829365787597632,-4.52921963096452,0.123296675620766,-2.23576702153375,1.49209787929314,0.105803518173249
89,-5.69944564127669,6.92533733911166,-1.7030814874148,-0.998965275484279,1.22811226500162,-2.73934054536586,-4.11021043616011,5.31754281242129,-5.0575917551043,1.33933790011185,-0.575481661873436,0.675579178551402,0.211351002763832,7.39039454442207,-6.21027126504269,5.48219411375962,0.700811804032127,0.326420332548619,6.05249672416403,2.87223573542361,-3.22290724115921,3.276437419485,0.266701097846997,3.14416945090725,-0.489959488435274,6.04459154465692,-5.80480615693452,-0.989915439964361,-3.00481846050663,-2.55099228070504,0.24597496732988,-6.90341844560263,-0.0330189531642628,4.36531005885556,-1.67588126111564,0.831431986449191,-4.33846908814109,0.13536509578591,-2.24628852068383,1.48594137430372,0.037126656202497
90,-5.65118707864308,6.92644912331958,-1.6941907075722,-0.950706712850664,1.20527490595151,-2.71733020880718,-4.12513077514803,5.31528558491801,-5.12055882758091,1.41357194914872,-0.716713145512389,0.674962394512018,0.198137701303779,7.38125159123326,-6.16201270240907,5.45226525682144,0.722132710933932,0.312392264975366,6.06058924507231,2.80837699993652,-3.44291266512028,3.35089835451264,0.27573894732733,3.54403965552305,-0.393691706615299,5.68021650970376,-5.75654759430091,-1.00679617950171,-2.9364923348222,-2.51135446111533,0.291612296483621,-6.85515988296902,-0.0199752968217148,4.35666048921729,-1.6098917375108,0.828857483283572,-4.39842411014771,0.168895851709281,-2.16687479027042,1.43888975713301,-0.170548155301089
91,-5.8925063585714,6.8399840054846,-1.49629508890556,-0.835351048840251,1.05721311950977,-2.87557187736681,-4.14953705351278,5.1167109504017,-4.43721912596456,1.38187419520264,-0.653029492046297,0.629586439598753,-0.198293334931349,7.30681805996906,-6.22897859519261,5.52767705470021,0.660612713161853,0.213561571275586,6.00665285257911,3.17528246942088,-2.4960822556619,3.39743706400375,0.0699706516633296,3.19647315640052,-0.587071524254499,5.94560338324619,-5.44052123482834,-1.02168062703174,-2.97088205717113,-2.44934477781021,0.0588799649691714,-7.14526932706677,-0.0264430780046903,4.24548850392925,-1.51764821337613,0.764954380030577,-4.03175401785639,0.0845694510844828,-2.20362690445746,1.32063056996192,-0.342874563742457
92,-5.83478371508415,6.87206421835852,-1.4946957696306,-0.777628405352998,1.21892547652107,-2.84621993100877,-4.11713221800981,5.28615680333461,-5.1416365345242,1.29839822122677,-0.777628405352998,0.668220486523483,-0.247000154290828,7.37768149701737,-6.17125595170536,5.59009087176335,0.594935762954991,0.26168414103382,6.10247534229863,3.13439460007515,-2.58773701324925,3.5374325225257,-0.018523257001255,3.40094589089686,-0.633921684686823,5.83270050970268,-5.47810877114541,-0.992848881829881,-3.05330604542712,-2.37352209267934,0.308788610221293,-7.08754668357951,0.0272227647869485,4.30884496513476,-1.59860895742283,0.819000548788521,-4.09181441002552,-0.0100486300102829,-2.33395649247315,1.31311269158077,-0.285151920255204
93,-5.86299846618018,6.85675287209839,-1.58435018596013,-0.805843156449033,1.08672101190099,-2.81169634147138,-4.09533654853119,5.30542259047157,-5.03631989299571,1.32455071240473,-0.778935703529108,0.663287210250007,-0.218056491546914,7.31763381934812,-6.19947070280139,5.60612437613165,0.609568603241585,0.265117600888567,6.1019121225331,3.24673199289677,-2.72131228000311,3.58184921576053,-0.00506531169672186,3.25772974710631,-0.623521599655078,5.8821718643506,-5.50632352224145,-0.974799876421656,-3.02978512212397,-2.3664909047137,0.307807009583617,-7.11576143467555,0.0581968850812444,4.31378242135563,-1.61859320938235,0.807224524035647,-4.14534696910585,0.00710522392353319,-2.31584717189495,1.32886106390585,-0.112695975889087
94,-5.80645374264695,6.99967566037716,-1.15673518039779,-0.833558776533539,1.68908820123731,-2.73067876141942,-4.13247730907528,5.31095694506828,-5.113306562087,1.23622085423456,-0.553598750175669,0.798693813666732,0.307719958453474,7.40514076848532,-6.21191885075511,5.63390102948845,0.607005214520409,0.427956983071423,6.20387432575713,3.13963168977259,-3.57286152113985,3.23612522386661,0.367332361254989,2.70405046061849,-0.412826196294586,5.93404987070536,-5.51877167019517,-0.956161098625872,-3.02694457756259,-2.53984651495756,0.142451190042238,-6.90506603131506,0.0451099635510315,4.35511541256467,-1.99486513454057,0.951769802364225,-4.95915588225974,-0.0209206179720542,-2.48221740212092,1.42980560330723,0.00268924766707945
95,-5.82976216788865,6.99149611673175,-1.20806267994935,-0.936909909448781,1.86645047145775,-2.77996267306439,-4.05669483167275,5.21048943927996,-4.93594429186656,1.26953132299236,-0.588603215180565,0.779886521305819,0.33472154335097,7.41383507432979,-6.23522727599682,5.61417042559462,0.592763034516457,0.36237307468148,6.13918068435257,3.03808789514075,-3.48369196295487,3.20490119001224,0.357817258145619,2.80274187003858,-0.339906589441738,5.80832644003558,-5.46203738776334,-0.979469523867577,-3.06414211496497,-2.50153380609309,0.167242559594944,-6.92837445655676,-0.0374262958910068,4.30130353302955,-1.79847574163369,0.948896315536827,-4.89149252929572,-0.0510783850593342,-2.38507967428676,1.45338076396437,-0.163720021215299
96,-5.84610821507424,7.00181831662833,-1.31829915024362,-0.953255956634369,1.69763583062789,-2.74002788435139,-4.03599960717799,5.26633968329886,-5.21011944835425,1.25318527580677,-0.634802225515835,0.794493571597243,0.27784551507982,7.44927432646173,-6.25157332318241,5.63176561183707,0.541519047479591,0.41623128616914,6.20396018197935,3.04341452285406,-3.61251599356715,3.28205754871293,0.280275649933111,2.81950498146027,-0.338070317544136,5.6248371776551,-5.4042754627952,-0.953255956634369,-3.10885885927977,-2.4523458118996,0.148130258916466,-6.65703843129057,0.122883476181682,4.35336021272836,-1.80892206669209,0.967336384436654,-4.82445696754226,-0.113126585725778,-2.41212101058909,1.38211895918267,0.117185455067044
97,-5.20803858988489,6.74314180601649,-0.477705260942797,-0.522825696223267,1.47657313778303,-3.21560842519469,-4.51489140932495,5.0583544563406,-4.51489140932495,1.75641203277379,-1.62916003098529,0.630663202670677,1.09274720477835,7.03885605016553,-6.59433295100479,4.95138233678843,1.0896844152478,-0.373080309863925,5.29474323440483,1.91617125226066,-0.745969247537477,3.18698696755713,-0.1539181838489,3.62396534137138,-0.366479625832573,5.39275415335984,-4.43484870165141,-1.37578055292561,-2.11321541368667,-2.7584713065422,0.230040719038301,-6.99979805911295,-1.14329449743908,3.86877038946677,-0.594569601082108,0.738690063381696,-3.93174512397933,0.420780846297851,-1.90298506877564,0.762372548025255,-1.70148069256491
98,-5.2908527462675,6.52833117672744,-0.462539008965199,-0.0795467567090933,1.24825139772919,-3.09362816893128,-4.83132041688906,5.22104075837348,-3.69822195214978,1.61690253271464,-1.39563685915574,0.538092871342707,0.953314154396236,7.27812539295204,-6.67714710738739,4.85558098487902,1.02057953679023,-0.429749186142208,5.3486019840115,2.01679659577335,-1.01302988912362,3.20783697358418,0.196706619919065,3.50017711077846,-0.694050809949926,6.4317932496848,-4.88538763815934,-1.52578415379602,-2.13385232511739,-3.05726052476041,0.322883447703917,-7.08261221549555,-1.00841627079011,3.72205243110468,-1.11135037570509,0.564696616860683,-4.19224045759939,0.44302775954598,-2.00743840026173,1.03410340932356,-1.37882974083935
99,-5.18817741896294,6.53861796053617,-0.606354596971837,0.219339239550091,1.22149126203064,-3.11839778819484,-4.70860433870105,5.42182905109902,-4.01545715814111,1.63953515234566,-1.5187160507061,0.492257691696273,0.962917273736929,6.99454786257025,-6.65451448775636,4.91667988533784,0.987209966305973,-0.413589081016799,5.36120442928259,2.06152956240504,-1.33966781925712,3.49973178312695,0.110139947585099,3.52407635502468,-0.622227946128127,6.38446728070891,-4.91991343236826,-1.50702001094291,-2.21973728769695,-2.98244215195881,0.587329236491709,-7.05997959586453,-1.18224381408489,3.66658630682358,-0.898772274169452,0.452091649970938,-4.03955470972017,0.393002733600932,-1.92712666904402,1.02643067945925,-1.53851867800228
100,-5.23417993565783,6.19813076261947,-0.895992506108366,-0.44996151822075,0.879415480042642,-2.49397262292109,-4.99934034458043,5.60501643460956,-3.85526568183556,1.68333151826968,-1.61639640322762,-0.00695849079352051,0.747432315007144,7.5591345640827,-7.22009541932684,4.07857544174643,1.19806639148322,-1.01987605835675,5.07803537062128,3.20346062405646,-0.378785239752855,3.33831810094904,0.121295844730159,2.70109171030869,-1.18666667311983,7.76079560377038,-4.84187291212717,-1.67603466954735,-2.38041792337422,-3.68536664504016,1.07573834256869,-6.60105621092062,-1.23041818279295,2.94300536430489,-0.679271584450624,0.153189208506112,-3.81889803766468,1.00176747879936,-1.32019806574435,1.11248788477743,-0.847263315689753
101,-5.17210764623235,6.27380710845492,-0.548588321576061,-0.972402568352422,1.24317114765199,-2.24834887230345,-5.02592513605427,5.16724249159632,-3.27776930430834,1.71695549973764,-1.33704568194033,0.0391983433260581,0.744892739938092,7.50223100864502,-7.21518154374131,4.04744938084876,1.26564400350405,-0.986388810327162,4.6031255707801,2.67391727134272,-0.58562959325641,2.59477995078399,0.167031714835943,3.0298673149235,-1.05638822442551,7.65264801892023,-4.39465335921241,-1.7052150053048,-2.39836218586474,-3.72301238387343,0.66172795667205,-6.00409127164651,-1.33504767927766,2.86165889560601,-0.79472139111497,0.330661138617745,-3.81160603967419,1.10530135342887,-1.23088548611194,1.34807701451817,-1.20601741953393
102,-5.09213557854159,6.07336356332756,-0.140094448711392,-0.70402989779133,0.555922174276507,-2.27385867213038,-4.96984600078332,5.61229572501019,-3.97473079052412,1.53818306675967,-1.6882318352817,-0.0680411310713338,0.859945640566012,7.75064293664357,-7.26526260429875,4.04221888645667,1.10937904313358,-0.99508465472175,4.61428813546338,3.22799377434349,-0.408800619704166,2.72374712167554,0.0335690453394486,2.92232919934127,-1.13248452412419,7.95248596518255,-4.17747218632682,-1.83341384512619,-2.37598816720676,-3.70991454280934,0.726716225899394,-5.86126866607946,-1.33833657832834,2.79339551596538,-0.701004176874794,0.291837232584936,-3.63333150205571,0.919450371765809,-1.42794873701803,1.07417004165109,-1.05065450587656
103,-5.08520947162801,6.41968382164495,-0.7746788386592,-0.190359210525466,0.693061855018929,-2.57398551352264,-4.81977300812355,5.28577857993573,-3.33288407164536,1.79002261564857,-1.87436581845707,0.319268090748416,0.958847525599141,6.8464263282004,-6.77802899300116,4.764877304181,1.20041611402946,-0.808543352611956,5.00392742779475,1.67636329717604,-1.1479086590156,4.12513090034817,0.176443910548434,3.58178208487662,-0.910207006388456,6.76418822996343,-4.62021838420582,-1.53100492084068,-2.38519144222307,-3.16828685944595,0.577751008507934,-5.96227949034889,-1.26005239922153,3.27649881694783,-1.05700471191046,0.347638787877631,-4.17695091145112,0.800894559822144,-1.54483002583252,0.769289220406813,-1.3765273902179
104,-5.4807538398364,6.7672830047928,-1.5050855692479,-0.875583653848312,1.04970720800427,-2.62264294415846,-4.09445947871651,5.68160046413311,-4.94175733910372,1.78167438041379,-0.559730704429835,0.47803992498203,-0.0806537789784243,7.19977678528889,-6.32805170022361,5.3644136785787,1.03712842579741,0.133416476130111,5.87968622462563,2.69595909356108,-3.71309192218741,2.96846636799363,0.35238465603384,3.83908134693606,-0.0936409745052353,4.47152387686916,-4.94175733910372,-1.23634858303857,-2.75383515442981,-2.5746337249721,0.589653909611698,-6.73351680833177,0.034976403316858,4.30940502739272,-1.79187438572247,0.834345797132111,-5.12407889589767,0.466908084613186,-2.0194922174316,1.41261270169363,0.122945176262815
105,-5.88174092752081,6.76258664894052,-1.37088142100396,-0.465640525316387,1.43147945956949,-2.73543579548744,-4.32359630947426,6.26643773959046,-4.96545019564665,1.58276890711572,-0.745942490470545,0.599070211676041,-0.023807773037348,7.19457851138212,-6.57488810808075,5.40804098613521,0.815293320145677,0.193605103567877,5.83412538144611,2.65525489119161,-2.96397019543653,3.13319264811277,0.381657335070817,3.81717945927405,-0.10563779128498,4.0053631457648,-4.87014001584233,-1.30188854951701,-2.88600865396682,-2.55850508732836,0.527611247693896,-6.57488810808075,-0.0979157451910697,4.20718830914552,-1.71120722694116,0.833642458813874,-4.7831286388527,0.227506655243558,-2.12637173213804,1.28837861592882,-0.0979157451910697
106,-5.84689811982017,6.38060980643007,-1.32873931082171,-1.42404949062604,1.02695560748628,-2.93817722325581,-4.38056105102675,5.66268844388454,-3.94977813493429,2.04168641217369,-0.751105017383611,0.312901742107023,-0.154288945762098,7.06885100822116,-6.94551040848828,4.77442922586627,1.27596853877891,-0.18857801924073,5.49957913751239,2.57964070332793,-2.92015871775313,3.13612332943132,0.262349462944191,4.09259987023899,-0.460875172853032,4.52867422816551,-4.86606886680845,-1.542833026616,-2.61477706820195,-2.41291091533503,0.582821358218963,-6.94551040848828,0.0755735558008563,4.47858384277533,-1.35452342797743,0.759752066378041,-4.23746020738607,0.689793477771131,-1.64220550042921,1.24317871595592,0.432248499739589
107,-5.29027477809479,6.4753530404312,-0.803043889971381,0.17989284537991,1.39433694957314,-3.36238313454215,-5.06713122678058,5.77440854941122,-3.84335579515846,2.014577359325,-1.42954506705419,0.312766126759883,0.88090376240007,7.06637072591476,-7.36971631977462,4.53525123297163,1.4067594695717,-0.723325804926892,4.90867698733518,2.796135497229,-0.375783344551432,3.37963950033912,0.434126983764151,3.88960638639669,-0.662853983171875,6.95861786461832,-4.59712759753484,-1.64940454316721,-1.93599431622038,-3.32666505194007,0.818972804669579,-6.67656913921468,-1.85226342330991,3.13260773385021,-0.631563825178665,0.185142201266054,-3.7587984071304,0.752951703571786,-1.50324826284133,1.01964350013173,-3.45769331434648
108,-5.32970151138808,6.45515766906579,-0.735845085300261,0.597224514582332,1.30690099709349,-3.25025996970824,-5.10655796007387,6.05112011294881,-4.36462061534449,1.90555733423251,-1.41767850595993,0.161300198989458,0.75137519440959,7.23054294786271,-7.40914305306791,4.61660603833098,1.30526030763603,-0.687717352277271,5.04768831080944,3.30082036533516,-0.397027758761535,3.51679542717076,0.135189054985773,4.11373274275548,-0.670990558471958,7.23927662783146,-4.5759297090117,-1.72556328572923,-2.04316703804606,-3.17503654847066,1.1160183079975,-7.40914305306791,-1.95810459950221,3.10953013855845,-0.760158503043139,0.150937411953912,-3.91263549160143,0.710553199889335,-1.58019743545771,1.18501117948445,-3.49712004763977
109,-5.61508138985149,6.36784770436447,-0.734446315350211,0.478165851566432,1.3068585241226,-3.1066442426533,-4.99604218144527,6.02510585472966,-4.61655255974036,1.90399105144296,-1.08401917601712,0.0399109206352768,0.41147447706776,7.33970828739344,-6.86784435834686,4.55077042715213,1.24588172762389,-0.653236259924668,5.10881512285551,3.60520931297786,-1.07788418744961,3.29608253024717,-0.0489202930713386,3.86746476943697,-0.83116746841733,7.38269010996712,-4.61655255974036,-1.62082028618637,-2.22345345920549,-3.40210845554713,1.13852320930339,-6.86784435834686,-1.05222240193512,3.15564598658396,-1.0702680044043,0.102885719796665,-4.26515467290248,0.692236106674967,-1.56205497696012,1.24887126647225,-2.95582135291871
110,-5.28890624312291,6.27280938601675,-0.759537770551098,0.983970763423261,0.751348468154507,-3.53104832557053,-4.70111957822079,5.88434185427716,-3.95390517639057,1.30002023441061,-1.88770886146075,0.342305538698459,0.991489595837288,7.25720370519298,-6.89834415555701,4.84569303037661,0.684903368746354,-0.683736057134815,5.15107467992779,2.1074290506779,-0.195156042316144,4.27910857312509,0.195890690367748,4.23624486869331,-0.526732308325151,6.62948432995549,-4.4559971201878,-1.69433746848021,-2.0984298927764,-3.41710406622132,0.804663526922229,-6.89834415555701,-1.23886193979739,2.88297576300491,-0.62546714901084,0.298342415277343,-3.98057342347273,0.228546653341801,-1.92506464800452,0.925701855299285,-2.29317396956892
111,-5.39258284923268,6.14990141797909,-0.828234657764846,1.37591036241595,0.5988816978753,-3.43248806518541,-4.86195459817051,5.90342961417397,-3.70618389566245,1.33724122125679,-1.72902120310304,0.231434656954656,0.855460025275747,7.07969283707215,-7.00202076166678,4.83298820247256,0.691916563842489,-0.605091106450636,5.33068453479676,2.17786040282469,-0.436755791631422,4.5257933157972,0.294392507107138,3.65406143007271,-0.931283033664293,7.00411015590614,-4.86195459817051,-1.70370339511875,-2.14220835730511,-3.60082338000463,0.99933426415992,-7.00202076166678,-0.767610035948411,2.85803723294201,-0.777462332391423,-0.0266068342108308,-4.03160629609708,0.28074041793881,-1.84584316227987,0.80182254187199,-1.29823828701058
112,-5.40448946988542,6.28145515921645,-0.875480644862893,0.832097535255547,0.641042298492837,-3.427326777326,-4.82912532498186,5.49635663761365,-4.01819510876553,1.46244381457646,-1.66154279450121,0.360353261532027,1.10609950380325,7.12205507091952,-6.90856686666169,4.85511731665572,0.834269088769054,-0.833220835573011,4.99301658810032,1.90129593871736,-0.163330517177332,4.05963142286686,0.261552676787934,3.67422245961233,-0.985648862088822,6.93163630389295,-4.71134228932547,-1.45111127877536,-1.974092933531,-3.63142213366952,0.502989421149469,-6.50310175855353,-0.664399965997958,2.90608947216782,-0.454941867769003,0.0335898390377749,-4.01819510876553,0.434212322670151,-1.66154279450121,0.692335592880388,-1.20478439200549
113,-4.9520017094507,6.57440710585681,-1.84504380078649,0.104330554966495,0.675000703166778,-2.80055524581392,-4.99830627749239,5.3983157847754,-4.48653323537036,1.93748822155414,-0.701569108061118,-0.00520131280113034,-0.268530673048854,7.61006691654299,-6.63659234426415,4.98266877052211,1.31976480281144,-0.320044207498962,5.21801822751583,3.56065632680014,-2.19250739577198,3.47529647784899,-0.00520131280113034,3.58756377972007,-0.957502482198318,7.45802705544142,-4.80498696648889,-1.41294596011272,-3.20339223151582,-3.17238199477326,0.769718465892165,-6.13065670579235,-0.892963961060747,3.16963190284677,-1.56600218869798,0.479564204294995,-4.88633260594285,0.842555789844431,-1.41426088469403,1.68155484741694,-1.19111733337982
114,-6.04335846623546,6.64293936261199,-1.80469614510234,0.00792457608343167,0.629194545112339,-2.72792790633073,-5.1633339123457,5.21157671609039,-4.49027349035249,2.10732686032581,-0.581153244582307,-0.0116200199895387,-0.321475949935642,7.62323881428682,-6.62024584067954,4.99901527410672,1.45673929418466,-0.330485019878008,5.23782494216533,3.56787034682147,-2.16193590125603,3.5399615587044,0.0427934017342557,3.55865369171655,-1.05581888693385,7.5490085404146,-4.8490209738932,-1.39005064464921,-2.96863778136284,-3.34910158726559,0.649778462255826,-5.93936875271141,-0.823372942957331,3.14621991429229,-1.54659757875455,0.517459044085803,-4.89573859846066,0.993982073459688,-1.30380108953895,1.90665616486365,-1.01014885010067
115,-5.34100362652549,6.60885021600869,-1.85871035120514,-0.0495591392652113,0.843004031447988,-2.86296985602525,-5.0464955890033,5.32027664252981,-4.23104047818869,1.96304238428877,-0.708804768149475,0.0106597207278436,-0.26411894688803,7.61964629866988,-6.58694062995045,5.00382732178371,1.24658412486038,-0.367581928769665,5.25734197097422,3.520459111972,-2.19307953762957,3.5770780059715,-0.0634482514258785,3.7060116893474,-0.965849871139366,7.3928729793051,-4.77943280375426,-1.39398377906024,-3.26843496413341,-3.20174358963474,0.78783765013928,-5.87026295198032,-0.84424273904458,3.16517016964114,-1.52675959930277,0.522783203209434,-4.87787287656751,0.835916829564934,-1.32129404569197,1.33673522185468,-1.09446724896146
116,-5.97541536834455,6.91210841798237,-1.58759161598635,-0.868765421008709,1.33002287830369,-2.70664257233173,-4.69319036711887,5.53751009662567,-4.97444154924036,1.7123046509562,-0.546477819379453,0.336614843085107,-0.0315788702258262,7.24858065460359,-5.9299529942678,5.5115958078602,0.97557758969223,0.0160491787634283,5.88389976990423,3.02907294942748,-2.5742179866824,3.0404367080778,0.0834904595589609,3.94078177179652,-0.550567804630978,3.74062121535832,-4.82396059830206,-0.967885666806451,-3.46562705217982,-2.47118576078416,0.0780408547913964,-5.4739356069968,-0.430964932257608,4.52997069328637,-1.85053408226237,1.17482998889799,-4.73266917809266,0.266717403467728,-2.03135300917179,1.42675250476224,-0.0880201811307781
117,-6.02013607227777,6.77971127999915,-1.63810943760389,-0.836229056907476,1.31623761978725,-2.60997002063285,-4.75585666172084,5.41701683422013,-5.16514586626741,1.75517382700228,-0.682078377080218,0.363187930882599,-0.0422771772255652,7.10222730512656,-5.94217453080806,5.47918374063668,0.97056828968512,-0.0491500565133274,5.80582305634166,3.01327359153934,-2.66502979781588,2.93618350981977,0.178122888142894,3.65512747771173,-0.593877231955,5.49548844966163,-4.76351953446641,-1.0276830972647,-3.67521661545716,-2.42319411348952,-0.00200327808762557,-5.60570229418684,-0.431774560305235,4.49926731288232,-1.80301595279616,1.11184325515233,-4.71839909918594,0.236806389970984,-2.04020186123341,1.45262584327467,-0.0771239085557336
118,-5.79759483966595,6.65979223414513,-1.43586202433188,-0.811057097148751,1.27597749543868,-2.93233741025393,-4.96313412603942,5.38880871953624,-3.99990063491808,1.59895953618196,-0.142602529179177,0.0344970836336258,-0.350241893957422,7.21543187370092,-6.10937446369679,4.8512256466007,0.868998382499302,0.148199670608847,5.3089722612189,2.89295123856149,-2.04809076373558,2.61026168771282,0.0186656184169451,3.72859848172871,-0.853404644977843,6.69392524051459,-5.04382303728957,-1.25506022466934,-3.02500611742617,-2.72457089181031,0.233262109152696,-5.76250351985468,-0.893643688158025,4.0878742073675,-1.08742134466787,1.10299194983758,-4.37620915873479,0.342905286602524,-2.00290854094234,1.70978156186531,-1.15733333386658
119,-6.08915592657078,6.52792200744318,-0.448431587881712,-0.385373451914575,1.32942497617735,-3.34831590264557,-5.31596603833729,5.41540128872894,-4.88518312224484,1.03639529739898,-0.472384828904204,0.716935698634861,0.23878085715842,8.08519389816161,-6.78230310713072,5.02080131048988,0.524228291808784,-0.10605962913331,5.91439245484792,4.27386395534379,-1.87210221035624,3.41757845845921,0.164672885004697,4.71719933750737,-1.19256068185207,6.26389890930804,-4.93647641663239,-1.33988539660893,-3.09342365301678,-3.40357858132062,0.677419738948582,-6.78230310713072,-0.695528380218414,4.16263832023357,-1.71970807410375,1.15744971143754,-4.16734332909452,-0.0811620775115829,-2.47374362433871,1.14309539798586,-1.1963036681309
120,-6.0988554300464,6.53466123031071,-0.604423184572076,-0.512855991046585,1.25785006898364,-3.28544471328637,-5.40570824948646,5.32341566665569,-4.89488262572047,1.04791674940623,-0.362283132567211,0.684847200265756,0.220112683700032,8.15705828738731,-6.79200261060635,4.98328711883137,0.538839377833773,-0.124198001254802,5.86302025497173,4.41981776157996,-1.58251645776493,3.36353983673841,0.1677124073065,4.7041157360475,-1.19729123100451,6.21007460092348,-5.05740155521824,-1.35102894365679,-3.04642781281587,-3.39080522894419,0.440248713950286,-6.50432053815457,-0.668048880452287,4.15293881675794,-1.65424530907075,1.17006469814732,-4.12941478358089,-0.0746010601154299,-2.46566488179305,1.16890258296714,-1.20600317160653
121,-5.97792738727547,6.52824985070504,-0.565006637988429,-0.428295592446526,1.30630546294158,-3.30871701948952,-5.28478020671552,5.3382877834487,-4.92810526277679,1.04570434909247,-0.445102710762908,0.704897029818362,0.350009396453726,8.03760430458216,-6.82522524766267,5.06155998600039,0.499044975614214,-0.0957995042049524,5.86942741268617,4.16006747522518,-1.86471434074899,3.40756605201606,0.162572738993001,4.60431860836851,-1.18331817672456,6.20648376147352,-5.03346577843462,-1.32532850771627,-3.02599773637987,-3.35948934486295,0.476821838829504,-6.53754317521089,-0.672492552958568,4.17687459354157,-1.70126126825941,1.16093961267005,-4.13964790241252,-0.103799546872029,-2.45577739519565,1.18114231998757,-1.01608225734864
122,-5.70459478984968,6.79228005546852,-1.11073836376186,-0.981641568205203,1.70393577704495,-3.13007598137199,-4.78830405797552,5.52231388198783,-5.0759861304273,1.18423247924694,-0.484238964771353,0.95469912983396,0.412951595729383,7.48542723602847,-6.39774197040962,5.45522079734632,0.507510178354396,0.299292277256861,6.18847797524443,3.22636231248942,-3.18891648139492,3.46231602419917,0.418446115047024,3.57922835888631,-0.780970872743052,5.38138653533526,-4.89366457363335,-1.07962197656541,-3.09268844930037,-2.84239390892021,0.532263917507334,-6.6854240428614,-0.363457426118713,4.54866896493403,-2.16726523386294,1.14791201490198,-4.28752877006303,-0.120159072826043,-2.43217819805345,1.27548115071209,-0.470815944439212
123,-5.83161986487634,6.86653236159877,-1.16952938863556,-1.22644967888825,1.69517462251202,-3.06799981261932,-4.73300757620823,5.51541966404821,-5.00494129169187,1.20339719371673,-0.457665084122681,0.988084535983064,0.451981105032806,7.50585489214494,-6.39123565281176,5.53545372308133,0.546078428411921,0.371493854120119,6.23683140277779,3.27494603459765,-3.42082118724206,3.46227352991813,0.422208946699135,3.62781024035864,-0.756446049642511,4.92018543594774,-5.00494129169187,-1.02759882014308,-3.13313911479028,-2.80079627151108,0.486060418685668,-6.39123565281176,-0.327450444124152,4.5940570700761,-2.20918551017055,1.14646073082653,-4.28102245246517,-0.123086787461539,-2.46926231653045,1.31627654178858,-0.339146483887343
124,-5.79660541049655,6.8705021942966,-1.03443147569879,-1.34558590433572,1.73785194963738,-3.09812466041049,-4.74678328599787,5.57376851048977,-5.03446535844965,1.22575325122459,-0.292435989744364,0.994616052229636,0.473572539080453,7.466761374371,-6.35622119843197,5.49674156932397,0.533879145311444,0.33772185666484,6.23850943688998,3.3411642686448,-3.43845046634769,3.49860118212288,0.595550965966939,3.76136916076622,-0.721431595262723,4.59458534838472,-4.96992683731208,-1.01748191738502,-3.0790764654398,-2.7866885019506,0.623854742129791,-7.04936837899192,-0.275144492634303,4.61627817299597,-2.12574446188529,1.1667197196404,-4.41031104937666,-0.121810472713601,-2.43424786215066,1.35129099616837,-0.36475665132399
125,-6.07116684738631,6.5623498129708,-0.824142775225825,-0.955171037632229,1.8721425842968,-3.27795883794379,-5.02971297255815,5.44342389690298,-5.09033759437458,1.10023392621937,-0.655066445181891,0.701150460700722,0.342292109781046,7.3463506173085,-6.76431402794626,5.25542903939242,0.477529696301817,0.0527868827677498,5.95158374101633,3.36098285289094,-1.25492569131828,3.83232070514982,0.235716527145051,3.54574912698206,-0.955171037632229,6.44728048318601,-4.25200840397014,-1.29766134657901,-3.109336125508,-3.01873923015577,0.311776565855095,-6.76431402794626,-0.569908636841584,4.37270513115735,-1.91228376402664,0.945442836507908,-4.1017262009208,-0.0880705499488457,-2.47843125382528,1.08604929122741,-0.772849480838274
126,-6.03333183229052,6.47284540568999,-0.840374981400306,-0.917336022536434,1.97857591573535,-3.40625069372197,-5.11704110041636,5.47122538300919,-5.11704110041636,0.995165064387749,-0.73501446574248,0.663702415375968,0.220496979284956,7.37921049776418,-6.72647901285046,5.1762337475087,0.396387645748621,0.0226712359550367,5.9026803421377,3.57690260274438,-0.751821584058861,3.84483791226132,0.119400862413588,3.55772547810464,-1.04403367558239,6.73235660117508,-4.04090166760031,-1.33740728303396,-3.1616522074065,-3.09770348280623,0.282628760391963,-6.72647901285046,-0.639704285938155,4.3349374055102,-1.81382412711441,0.899116059281992,-4.11151923481426,-0.165919933852513,-2.53682427082404,1.02857412651888,-0.73501446574248
127,-6.0348768453169,6.53119853424468,-0.805552350255819,-0.918881035562821,1.89652768385989,-3.38398505805464,-5.05404759230518,5.4510199472654,-5.05404759230518,1.0607401708348,-0.695737484248612,0.702485447736553,0.253601101671744,7.35241161741659,-6.72802402587685,5.22744822210607,0.426591331036814,0.0556786044353093,5.95324706577616,3.4092172570855,-1.05470075870536,3.91740087138866,0.166308232773147,3.56412151645106,-0.951404227268382,6.50169786984798,-4.27128825305554,-1.31489098490023,-3.16319722043289,-3.04751282143343,0.331020700651514,-6.72802402587685,-0.568224163949652,4.34897712350051,-1.79355009274616,0.954458420657657,-4.18905015481857,-0.158075206529062,-2.47477818106889,1.10926721172946,-0.823570855758497
128,-6.10597226589416,6.45777482390783,-0.659234894227854,-0.913015415003953,1.68555055325657,-3.30869093106401,-4.88219683427205,5.50226337888039,-5.63596863664843,1.15945745735979,-0.787852272049947,0.61545343489648,0.0165205436202225,7.28794380203206,-6.61679788966015,5.19869826025561,0.481577748930632,0.0636384665972924,5.87319977944409,3.65940198451233,-1.69196258536723,3.53224680902708,-0.0237533555177176,3.55416902801023,-0.768434186192846,6.6008756675485,-4.16006211683885,-1.32014858021281,-3.03327895120404,-2.91961963273152,0.436499694612641,-6.61679788966015,-0.46406519495605,4.36282909569202,-1.99838247692204,0.781580305770454,-3.69005848759311,-0.046849070312367,-2.3217826319759,1.16642612667588,-0.471182662724914
129,-6.13149800795606,6.47335075753148,-0.888693351338284,-0.7378704616037,1.59162208431027,-3.37148806792314,-4.96834719815038,5.51770507530671,-5.79502577133485,1.1367250132035,-0.833180641408025,0.634693706704288,0.016970287961585,7.3216069313605,-6.64232363172205,5.19268533241729,0.48054302687703,0.102912717762309,5.88341413211295,3.54131772684507,-1.82204206611702,4.60489866751517,0.0297093137390148,3.6035708929551,-0.833180641408025,6.58739826400278,-4.33973853872801,-1.28259763704537,-3.11596310710589,-2.94514537479342,0.413851652378358,-6.64232363172205,-0.511097142238912,4.3871751836703,-2.05396056405034,0.807755938085446,-3.84911562227954,-0.035673445523837,-2.33376414893004,1.1682993588021,-0.36317701216229
130,-5.95308639592693,6.46270678058531,-0.654769029378893,-0.942451101830674,1.95407452163987,-3.37539801268796,-4.85447410725882,5.44517616072316,-5.66540432347515,1.11167263186487,-0.760129545036719,0.651308997884196,0.0871683153504841,7.32056642902362,-6.64623357648687,5.19359467408841,0.476633082112208,0.0792001457013072,5.88312956896245,3.54618526790147,-1.85320165332921,3.49495767869479,0.00877768140476132,3.80730031296853,-0.769431937699033,6.49593242821363,-4.21848534053882,-1.3199768412496,-3.10045496601361,-2.97416124068932,0.518744567462334,-7.05169868459504,-0.500618349551635,4.35029521966791,-2.0612660978163,0.790187244389584,-3.42735775161867,-0.0762847571390877,-2.37420783702732,1.1507837619815,-0.249303921270729
131,-5.2790749240761,6.57921172493259,-1.20153748017038,-1.83705554789369,1.83162119890273,-3.42669083303161,-4.87360981596794,5.66513093870924,-5.56675699652788,1.23192718739989,-0.82182486816463,0.852151565407041,0.18051059006806,7.30286235978595,-6.25990417708783,5.44088302505197,0.538780006839949,0.0857321837407703,5.99812820737306,2.91308040834459,-2.5382349001509,3.62677625713192,0.103123926452639,3.83006294239092,-0.863250909818927,5.8296346521864,-4.52530312169972,-1.12019184071643,-3.04102835221962,-2.82591697260268,0.610495315350542,-6.66536928519599,-0.319732924367394,4.55318511917166,-1.99254045073408,0.910215366361802,-3.80316840426652,-0.0386515359469652,-2.3280785443635,1.28970498806671,-0.045296078665634
132,-5.55274417463052,6.56631709391003,-1.03276883470566,-1.82304272599632,1.73800335660773,-3.43248063843043,-5.04191855086453,5.66132591728981,-5.39859349480326,1.18461811842294,-0.77923867382321,0.868878093176002,0.285957617925055,7.30391603704081,-6.65135646329863,5.42118478960703,0.507157534030694,0.122867423058989,6.01530058956079,2.93054746511004,-2.38165901359866,3.51257042529541,0.0879801640585476,3.81174687717292,-0.887733988286408,5.98812065902895,-4.45413188596241,-1.13792771713364,-3.01377030357224,-2.86716682938036,0.563883515431471,-6.65135646329863,-0.36908971640262,4.53998537754414,-2.11339502700398,0.90611643831612,-3.20136891746704,-0.0447062771004108,-2.367769901438,1.28601823286467,-0.100276128255222
133,-5.77393488618931,6.56316602174726,-1.11427651491715,-0.986443143407267,1.74358596441372,-3.35802110788826,-5.08078770562937,5.67711517506283,-5.59161332939536,1.21447829581028,-0.790328264480976,0.85410648999022,0.192211852934379,7.27800602691847,-6.69022561806347,5.41048651180888,0.550424076191998,0.0667067711840854,5.99052720459634,2.91552952616738,-2.23008120412563,3.60022357101626,0.144958968083834,3.82166788657751,-0.932902376479237,5.97643143479595,-4.49300104072725,-1.15289135104493,-3.0658846850871,-2.86158422157437,0.609571748694693,-6.69022561806347,-0.380307339836951,4.54166231717365,-2.07016681958163,0.895563203668566,-3.57671030885309,-0.0245419002810596,-2.35949227777714,1.24714907809983,-0.0701524115331118
134,-5.4733090896807,6.5327870638168,-0.958337171610755,-0.239530244270232,1.49507081111787,-3.36309588933411,-4.84470043025832,5.52670524503252,-5.15485535856216,1.21130263798723,-0.959706097218097,0.713413805251958,0.329564287619734,7.3100789208843,-6.45413834269242,5.38809086942041,0.527486784856169,0.0873725413348301,5.89314447138927,2.6471309342294,-2.393695332146,3.71937634705676,0.111126627342937,3.65500744681689,-0.954241602746018,6.43671323372718,-4.71953728730432,-1.27610714201889,-2.90835973221916,-3.03096205431149,0.705671831098343,-6.85960345080059,-0.374968215165337,4.34543723440034,-1.66110641953476,0.790089172910926,-3.81508101307717,-0.120266823443415,-2.47757681612671,1.16329341880087,-0.549685172574072
135,-5.44762515867715,6.52746075807779,-0.860109907927776,-0.436989864580891,1.46013012030499,-3.25040058134093,-4.88800937074172,5.5119150681083,-5.04216005056898,1.15394457628865,-0.855033754895915,0.728761726924847,0.395919258354213,7.36344628063627,-6.42845441168887,5.37962514057184,0.50236614022426,0.0637854233315984,5.92027453424283,2.67281486523295,-2.28531968529734,3.72708803565589,0.136810558346488,3.64336845566647,-1.01087362431402,6.52746075807779,-4.7544779781172,-1.26939911247434,-2.88267580121561,-3.07271940410347,0.658840781125342,-6.83391951979704,-0.341679684776566,4.33651563622642,-1.81663968298211,0.806203652898327,-4.00070617574082,-0.130731406556174,-2.55725340078098,1.17244804785321,-0.524001241570521
136,-5.5477219860407,6.51765077738634,-0.991216972033886,-0.457043984270904,1.45534347274577,-3.28335810586685,-4.85457480548075,5.4951998496838,-5.14225687793253,1.14312029137787,-0.858670316071903,0.703700085504212,0.365781019597574,7.32618003206513,-6.52855123905242,5.37641631369383,0.498467460756532,0.0870676171285534,5.89128779597936,2.67510014477296,-2.41767737487911,3.68609074212063,0.147692238944988,3.62828570685498,-0.980773012872802,6.4735259724774,-4.73679176982437,-1.27802453634073,-2.97320317756301,-3.08386874545053,0.651772474571447,-6.93401634716059,-0.441776512140116,4.33683755660991,-1.7720916055181,0.793518763314862,-2.92668316192812,-0.154094439688334,-2.52121805381995,1.16766140029398,-0.53708669194444
137,-5.8006058753836,6.57098120862415,-1.02316446845505,-0.858963452774295,1.47179251718645,-3.43975187426558,-4.84509443035616,5.60917883066712,-5.61828431858964,1.29776976320719,-0.816999253675263,0.750474459659805,0.05732727909986,7.25988209830264,-6.71689660725775,5.48416349644887,0.682501476073599,0.220417473965927,5.93065158390362,3.06159445510369,-2.09192379397348,3.97049248910678,0.128983268006295,3.97731845417718,-0.923882998873611,6.3457167657408,-4.84509443035616,-1.21563839671303,-2.97922698897439,-2.94413566916312,0.437718749655908,-6.71689660725775,-0.263271608365063,4.52159201201071,-1.87665429909018,0.789695172813087,-4.15194724979622,0.0458328996741248,-2.38616326697142,1.22047808890554,-0.319966952041608
138,-5.86118775091102,6.54271063794907,-0.884454008490447,-1.72602119416867,1.4352255178629,-3.46329247811265,-4.94489701903687,5.64672517223566,-5.63804419959681,1.40598869767787,-0.884454008490447,0.752196467468538,-0.0249160932087418,7.24097291917579,-6.55433493147097,5.46540813586771,0.714585196722755,0.161048454863714,5.89075461452971,3.07142087946655,-2.17857790981068,3.87091818486949,0.0789835018094096,4.08272171612402,-0.881011664299475,6.3040629000989,-4.68253275456938,-1.23866892658832,-2.9299939984946,-2.89077328534132,0.4069611144392,-6.55433493147097,-0.149106473440126,4.50446025340982,-1.8007447403646,0.775414757570545,-3.88018628204444,0.0723828177780579,-2.30583968942161,1.20783567566724,-0.157405276254821
139,-5.87149176405685,6.49691229339077,-0.869224719631116,-1.7363252073145,1.3727357515465,-3.45112363540643,-4.9552010321827,5.62377876567465,-5.46602665594869,1.42830560270131,-0.844327168009389,0.718122234988793,0.144665395641498,7.15105127806526,-6.5646389446168,5.4368665351721,0.768384069769681,0.132395303049684,5.84028455965854,2.98217366398059,-2.1457983368202,3.80728851518888,0.15074444171788,4.07720813130082,-0.924506497037055,6.13154628308182,-4.85989085237838,-1.30454279088896,-2.90107729848715,-2.98112000616069,0.343116334365337,-6.5646389446168,-0.0953886278210279,4.45399019853865,-1.64465801878868,0.704281183576921,-3.13065174013165,0.0882240847365465,-2.36743699695499,1.17602545730044,-0.350030846194608
140,-5.76416649688086,6.60620919994059,-1.31481504782073,-1.02546491826825,1.69911458478517,-3.14572845446834,-4.24434074313645,5.46866706490426,-5.3121813731378,1.19373856578675,-0.753531202784606,0.58646987436444,0.216525953245209,7.33799417320595,-6.32378228481628,5.30247186546095,0.514086866701686,0.276088214396552,5.85440515722435,3.22837316819161,-1.66744381225379,3.381254328996,0.22729805022712,3.49087405401323,-0.5022167745037,6.30428477077326,-4.81970488804001,-1.25017219155864,-2.97387819754168,-2.76843422332687,0.244997627326521,-7.71007664593617,-0.28352757353887,4.33934218954862,-1.8184324341104,0.712805866008821,-3.47597014133892,-0.0415155379202781,-2.38220047714659,1.21258165358823,-0.619999810160083
141,-5.83499973388657,6.56522892608456,-0.699201296836312,-1.22982954789848,1.68407270740788,-3.12694953278436,-4.22556182145247,5.41284349054911,-5.29600323315389,1.17065976007693,-0.759825918652747,0.53539036609496,0.201847819069226,7.33206382243566,-6.394615521822,5.27317465370915,0.445931007466691,0.208650566391979,5.82757650558806,3.16108603419265,-1.86740687730362,3.28884860673617,0.212034664376219,3.38245810585847,-0.508511490371841,6.33470526747272,-4.7851776093879,-1.27363217055688,-3.01873594814413,-2.77696357699643,0.156464813221408,-6.68229759427378,-0.180007423399805,4.30862894633234,-1.94317943577595,0.693375807463074,-3.73785861510734,-0.0892530601313406,-2.3964148201528,1.16806572489989,-0.536682367338537
142,-5.72249926025643,6.89898882423507,-1.22491428494828,-0.854964809800849,1.73914113195214,-2.82107766617368,-3.89794996820539,5.33786948907178,-5.13471259535431,1.30747365144996,-0.575004783442978,0.70398919720126,0.286313925186164,7.34223500431126,-6.23332488402242,5.59562712640873,0.544701288284931,0.461649630681052,6.15506931830171,3.09923312067801,-3.61836510598622,3.78794570417009,0.253851649041502,3.14956725315191,-0.237702326765776,4.16078558496218,-5.31703415214827,-1.00400038896134,-3.14988703004933,-2.48775008623194,0.23592543277335,-6.63878999213059,0.026893725651822,4.43174701062688,-1.94515115815489,0.87464644163022,-4.528576791784,-0.0700100799877807,-2.37611011508927,1.36757757551966,0.0765933942040946
143,-5.71522591978724,6.91611446114728,-1.34324962096686,-0.927734177005197,1.70535298562356,-2.88201257573103,-3.97475974494674,5.38520982213786,-5.24522229054151,1.23175007234818,-0.539076187213414,0.730493899598335,0.303367294708992,7.36214009168635,-6.22605154355323,5.60290046687792,0.578193359059239,0.505364250312496,6.17613598090323,3.09014921912243,-3.75513113573997,3.74197453012047,0.30822167317379,3.19805521792456,-0.31706321826949,4.11569093991405,-5.18459766872507,-0.979027471392747,-3.27287888441804,-2.53301407929063,0.248353423831203,-6.40837310034719,-0.0592341089673902,4.46967409218707,-1.99194503895597,0.896815115045849,-4.23362137886303,-0.045344996806723,-2.44565698060352,1.39954352857922,0.113719697822964
144,-5.68293922496814,6.90715819743233,-0.648350689849389,-0.767614110676206,1.68339098743611,-2.83908748270687,-3.9699606335932,5.3008114775679,-5.24762115371029,1.24283455951668,-0.568763251931041,0.65950224496394,0.24519818818857,7.36783049924918,-6.28907502853845,5.59541399286426,0.526199397649519,0.418194723022058,6.11993846098841,3.10358690023168,-3.7633463842302,3.75417446637283,0.264383428909919,3.18746838421239,-0.293452471281807,4.85519930144633,-5.44177716815125,-1.01607546997471,-3.19048536954475,-2.53175841287129,0.242773944577064,-6.69454013664662,-0.0352462169629799,4.39144118853832,-1.94960800828337,0.868141110075268,-4.58432693630003,-0.0878899504484019,-2.41787401763056,1.36061759517306,-0.074466930116261
145,-5.61939985697194,6.90015550695475,-1.64568328253845,-0.773067614166957,1.15222324768562,-2.78618651291572,-4.18865373328121,5.34250910364906,-5.07285615060387,1.27922293844693,-0.710763730830802,0.662016911122366,0.21753515067175,7.31772863310008,-6.40785721733621,5.48760585109848,0.620344214721798,0.327922796906121,6.09832002064431,2.90142310249488,-2.99341460892403,3.5348510483532,0.204183817496886,3.12746101183545,-0.467685964615775,5.92924369060037,-5.71471003677626,-1.02336215454712,-3.0544504995104,-2.56197401441261,0.374334838670585,-6.63100076865042,-0.0622208565076101,4.35429195423744,-1.69472988984302,0.824875918841409,-4.35373348364066,0.062942286446396,-2.29371002781793,1.41618879352009,-0.0799204336070112
146,-5.60989321650144,6.91297890005124,-1.66215212847121,-0.837668945850181,1.16172988815612,-2.8148316384096,-4.13658747839192,5.33931716078243,-5.17457514524359,1.28872957891743,-0.701257090360304,0.659547360546148,0.213690457967384,7.35315465112265,-6.39835057686571,5.49983728889516,0.626298453587928,0.327882825493039,6.10039168262728,2.97240651651638,-2.80378180222301,3.51508730652359,0.219052401108769,3.159825790382,-0.447708024277981,5.99004362545842,-5.81056391196359,-1.01385551407662,-3.1099486893489,-2.53551781562833,0.388366373739372,-6.9091762006317,-0.0353224733252433,4.34670416134864,-1.68163901614471,0.843015706456609,-4.48142796468365,0.0755401194865661,-2.26158529875966,1.43366360363976,-0.00142092164956198
147,-5.68178185195328,6.88196523784871,-1.66900894342499,-0.606608036719455,1.1425918180898,-2.7858699136815,-4.15572554845823,5.31697908798544,-5.15115360089111,1.29363207550267,-0.684569578189167,0.6389864422973,0.198751134447418,7.31274815394116,-6.37492903251323,5.46586029454161,0.611637426893199,0.314670236665739,6.07800369094847,2.88989952474703,-2.94094182802808,3.52455049862536,0.204322179496874,3.13254857068549,-0.461426026874957,5.9709055553921,-5.68178185195328,-1.02782150179576,-3.02152231468742,-2.56383194567504,0.341665741007751,-6.59807258382744,-0.0723100567683219,4.32606571590709,-1.67444866672081,0.821008193962342,-4.40084800649122,0.0515594249444633,-2.29063480614463,1.40829498382281,-0.0833598929549071
148,-5.87882455922565,6.81932766724946,-1.58641008324145,-0.386351178236652,1.11116881799346,-2.90475378245283,-4.16117306215131,5.31153157429236,-5.05214598604118,1.2554969783482,-0.849320780825007,0.619887790300443,-0.269876187240283,7.31253168966563,-6.43844034716107,5.57526040572165,0.564625111625393,0.252401930257495,6.11299348240756,3.29069381823028,-2.62623767701513,4.02466299331048,-0.084070306363718,3.42682599255486,-0.670119351367296,6.02033465192486,-5.42683943548259,-1.04027764564332,-3.10623583698586,-2.43566297846446,0.418021637433518,-7.13158752772101,0.00330332384487075,4.25917030327501,-1.69133666528431,0.767565955622084,-4.0405450743627,-0.0456860633554026,-2.3651491941368,1.26907184743927,-0.223832248738877
149,-5.90816985801795,6.79433967382611,-1.49797234637737,-0.304470841918735,1.08182351920116,-2.89825294947201,-4.14050794036896,5.27426544200861,-4.9637082491771,1.27070247654127,-0.841964712766886,0.586232140007013,-0.263227883384685,7.26162221295749,-6.24464209463917,5.56393361243202,0.530723996297226,0.178604868894354,6.09245881329741,3.14468093286546,-2.38601986593814,4.0906278743225,-0.0380661679142382,3.22343647341573,-0.661145785857467,6.03839159202714,-5.36917335728527,-1.06173557960246,-3.0833953826076,-2.42912998959186,0.372760883335312,-7.16093282651332,-0.0024188291840006,4.2127305711234,-1.62952157779791,0.75295388834276,-4.1164103887899,-0.0792242404077457,-2.33662711060856,1.25089984924509,-0.304470841918735
150,-5.89818011229432,6.76441281214431,-1.50726453020319,-0.243187801807547,1.05153936578685,-2.86048363964129,-4.18052861521998,5.28027111871737,-5.01087691729341,1.26310935170704,-0.916532355071312,0.589721321127557,-0.258301439617595,7.21845259040103,-6.23465234891553,5.52513319398622,0.517618027226213,0.188594614617991,6.08474898192165,3.1663083826693,-2.43691848988951,4.05409760441124,-0.0567082348649284,3.19883157437486,-0.681692763993911,5.95325632598697,-5.35918361156163,-1.06986637499201,-3.05659851856758,-2.44141287947735,0.339027818045117,-6.74547797268152,-0.0361736324232207,4.22272031684704,-1.64155474416171,0.748210402553414,-4.03742777157931,-0.0776733633299731,-2.35929332785897,1.23841673911667,-0.294481096195097
151,-5.86972697746757,6.92721399950213,-1.28362635419983,-0.822724039200442,1.72000218147639,-2.76863418825575,-4.02390028696924,5.27374381691753,-5.0712192812498,1.25671750247939,-0.64637264939299,0.684522932337112,0.222085543474692,7.28971807484129,-6.27519208557574,5.57420561601571,0.510395559432193,0.34488112095462,6.14060109093651,2.9759702809207,-3.40351246069172,3.39362742979423,0.188876872478039,2.74479455790923,-0.352720409954706,5.3687616418009,-5.35890135370158,-1.02816801341525,-3.10410692454388,-2.46114948850779,0.127277750016026,-6.45751364236969,0.058679433673273,4.27888303310154,-1.284759498797,0.885912586777676,-4.69965572481732,-0.122459390871632,-2.37997619846397,1.32571037396635,0.12173756964041
152,-5.87291193924099,6.94533882431546,-1.31436759459296,-0.825909000973862,1.84823964845267,-2.81264114454943,-4.06280333134474,5.27216528119238,-5.07440424302322,1.2355140352033,-0.614259829085387,0.742706916939984,0.253471925766361,7.35481195382116,-6.27837704734916,5.58637830989661,0.536897378838815,0.352745995367785,6.16408437624525,3.01354331161945,-3.50578832510938,3.35614114166734,0.296233785104442,2.73554284345357,-0.378479693766665,5.6499638565824,-5.362086315475,-1.00537748878541,-3.03969859518478,-2.52106043168199,0.177869185023409,-6.46069860414311,-0.0118092099962537,4.29720427654908,-1.78600235550641,0.925772244686783,-4.70284068659074,-0.108069207823545,-2.43178184724347,1.36334740671318,0.0613941940270415
153,-5.82014872428221,6.93597025816723,-1.28159328737611,-1.01430784283197,1.72359532141992,-2.71905593507039,-4.066129583037,5.27894338290933,-5.12700154372227,1.26062571883157,-0.68435028723195,0.714931269414751,0.243636484405396,7.3263651133544,-6.22561383239038,5.57998124654267,0.52937869203935,0.339651137644985,6.14879412795901,2.98305848248511,-3.22158275602169,3.39683619041264,0.279173218682183,2.71466606848385,-0.348812193602535,5.55351467335451,-5.24478457937865,-1.02344032639524,-3.05452867135852,-2.48794421410701,0.14599801484148,-6.63107894049854,0.0185530682733592,4.28854467888146,-1.70382525534134,0.929001524523286,-4.68516879144323,-0.108986142328389,-2.38975218792779,1.33272901273291,0.114157408985821
154,-5.3499823674947,6.53450665390802,-0.634464124337739,0.740573082257517,1.38540168554665,-3.21976850044144,-4.74384656392438,5.60228509996167,-4.40090181279755,1.35422771824186,-1.47186091374223,0.4691109536725,0.816835067091147,6.92062879917305,-6.73627672861459,4.98636926733771,0.757411646620346,-0.317368166679665,5.62537414873403,2.29573410783718,-1.075633746619,3.77334662749186,0.0245241374108871,3.48445169861487,-0.720119568916233,6.25825327727986,-4.83915674372871,-1.52497073905618,-2.36261834361122,-3.04739727450065,0.777614353937866,-7.14174183672275,-1.05496710981044,3.72682661185696,-0.950402365239913,0.459160622819331,-4.05069938336444,0.178123093086219,-2.18944211963946,0.944668438601032,-1.28380868223929
155,-5.32428300924616,6.33562464607272,-0.601329787601681,1.26188864560852,1.38094800562451,-3.13636082457225,-4.91881790113799,5.80420471480798,-4.22567072057805,1.14367448254731,-1.49927138080764,0.359863490893186,0.675480340676521,6.87761426487354,-7.11604247847421,4.96219679554608,0.516843026920922,-0.341818592116596,5.74495613479571,2.37571035294016,-1.44788718146116,3.99640541989889,0.142369672121096,3.46038954730434,-1.03725410319455,6.64817478510251,-4.81345738548016,-1.64167316814581,-2.38423964155275,-3.23447868053077,1.04590332099448,-6.71057737036605,-0.901434380052019,3.57817258296073,-1.0722227010323,0.18037079029971,-3.91736936092353,0.0655494661376541,-2.24084515527306,1.01548823213004,-1.00679489570985
156,-5.25160148846995,6.3636028256207,-0.593984827109312,0.849062350603028,1.17064597473049,-3.04586622146582,-4.77202840820806,5.64228476809406,-3.98790944944239,1.3937895260447,-1.48861406220229,0.358152036537979,0.786820041725808,6.97351935203092,-6.71793855726337,4.8993469230311,0.770168408133366,-0.426369417705053,5.52575095183811,2.18224688640897,-1.47442942721033,3.8869949786474,0.148994727198509,3.40602231803109,-0.953792932880081,6.72650831931007,-5.10850064482927,-1.61401532874356,-2.2910979067997,-3.18182185770185,0.810393209443874,-6.71793855726337,-0.976004316642795,3.5708113960634,-1.12075192887299,0.193144511811439,-3.90452784050334,0.241776460649476,-2.08645106295791,1.079078781205,-1.26547051088808
157,-5.20362243651925,6.10485161014892,-0.482767851531697,-0.0307827277886399,0.70168799897522,-2.29147687907353,-5.06304048589806,5.56585510941623,-3.94816767635817,1.57544147004237,-1.7961554418435,-0.0689344937530163,0.744461814958506,7.55394687250784,-7.30211217316978,3.95839935818612,1.14828353732294,-0.999211467601911,4.96004993901144,3.11143147635331,-0.425609437691749,3.30979003205708,0.0059668144201015,2.79326638717645,-1.22059600351094,7.79646670278519,-4.43771590167688,-1.7684186868719,-2.47688010240489,-3.78028680371901,1.04802693358329,-5.97524123252069,-1.22235501891612,2.7836969361603,-0.801746930705393,0.127180385173274,-3.70374672659668,0.950714751108292,-1.38860916753151,1.06604543908597,-0.918085922789543
158,-5.12480926858874,6.11067956270062,-0.0847993658125796,-0.348216816264729,0.404748859506126,-2.23173114909483,-4.96718032438516,5.60484859790872,-4.32022252629459,1.51405643729098,-1.8054629133569,-0.0285185299139896,0.805903616113168,7.69182396649211,-7.16440490172138,4.08553110338744,1.07999482973683,-1.00109009768673,4.84169125177612,3.08222899452366,-0.65899460351116,2.68118867239585,0.0341525770487858,2.96472308232755,-1.14065469111542,7.90565274653177,-4.15316844163142,-1.78508375102025,-2.43040184389032,-3.70258289824279,0.961595840873416,-5.82611975978785,-1.23747887575096,2.87065900860347,-0.898628516724785,0.262887941628773,-3.65099552945229,0.874752488751862,-1.45025964002963,1.08817149017408,-0.854486623494859
159,-5.30746525229123,6.09113102703841,-0.641670444486706,0.807717065992948,0.31254733929951,-2.84818170739113,-5.02201781764087,5.77742078253229,-2.97844690222903,1.37826192446056,-1.7319144834843,0.0763742876949665,0.889124340628281,6.94654685552806,-7.03023185003234,4.68563445893458,0.791812158153283,-0.825674087463645,5.37878163949453,2.02345471189847,-0.658620002800479,4.31427496331293,0.366103443768472,3.43001025815818,-1.07958929744461,7.11817312320527,-4.58788481466313,-1.82074569719091,-2.4658836585645,-3.3795736087386,1.17087979441042,-6.11394111815818,-1.36207655301929,3.08432667258373,-0.976966902018907,0.0845375983341272,-4.05981738446263,0.366103443768472,-1.95505803479851,0.855849551743409,-1.10330582406193
160,-5.354545577345,6.25452374817813,-0.588693009666431,0.204723624057189,0.475478789021387,-2.65571203134771,-5.08304882931423,5.70547691159195,-2.94751782098335,1.59806026780249,-1.70305365530268,0.100540271572378,0.887213510143147,6.98849292325833,-7.00137102185072,4.72127497410158,1.03316742276623,-0.704524825191553,5.1357087521925,2.19939989910932,-1.02188266578945,4.33493090744019,0.295849023893143,3.36913953179301,-1.11526699040056,7.1089390763342,-4.67525543144648,-1.71262310631883,-2.53382221373867,-3.3865995398905,0.807319600922381,-6.17469244866625,-1.28810980323997,3.12335350372904,-1.12190271481596,0.116104788113489,-4.13509681553361,0.632321260514356,-1.75184381947211,0.88542619956905,-1.02188266578945
161,-5.8423885008161,6.97886978380431,-1.83505531558363,-0.138606026159898,1.68055241725627,-2.61026744919788,-4.20016076555901,6.638787434959,-5.33156287705011,1.54366921022647,-0.433723077099196,0.684594282648246,-0.0382580523256153,7.39627533228439,-6.24785360892426,5.78831999981051,0.725221136178517,0.523509045152319,6.14469860354853,3.29179051019452,-4.33831110403982,2.90326740339195,0.405009420429084,3.56816791783059,0.0665998244676449,3.37955100700344,-5.33156287705011,-1.12687025765914,-3.05943699154077,-2.56524376782392,0.679704297354054,-6.53553568137604,0.123758238307594,4.00980575733248,-2.02101986365608,0.85875252880304,-5.23625269724578,0.110854833471686,-2.25425061650369,1.37774146320819,0.266859081948267
162,-5.54792048579674,6.81025993793089,-1.57762857224462,-0.490765176065592,1.70645940127063,-2.76644281613971,-4.23573409683057,6.6932434795447,-5.09593536205368,1.52413784447667,-0.546854642716635,0.515864722890868,0.0398630749965787,7.31122111672597,-6.39521834618394,5.53860803502429,0.675222515075289,0.310012668686719,6.06290919415486,3.34966417617555,-4.16162612467685,3.17279647006405,0.281025131813467,3.73805730038506,-0.0038597360172532,3.63490185728555,-5.09593536205368,-1.21906861361011,-3.07499002705546,-2.59599083490114,0.764591827606823,-6.39521834618394,0.0345011318551935,4.16751483523645,-1.82050736768056,0.815107617743725,-5.54792048579674,0.0817540167057387,-2.21571597562154,1.27022263449571,0.289393381483984
163,-5.56941493866684,6.32974427248366,-1.16968872689356,0.586352659732413,1.36651121728199,-3.2668298456728,-4.95037573026062,6.05811390904239,-4.42428263436384,1.79937529957827,-1.06960526833658,0.129594257236698,0.381971384873726,7.24019272873359,-7.51532508772216,4.59643687833677,1.17413932463453,-0.539911160266207,5.39878335086171,3.51471412217132,-1.33738097367156,3.72447845612762,0.0237019681018369,3.76818721292027,-0.899259902589341,7.24409136914924,-4.8762677581069,-1.58043089210257,-2.3279392818814,-3.34093781782652,1.19248846330273,-6.82217790716221,-0.86117256753894,3.38511109970558,-1.15229698418169,0.180887551624249,-4.21948822171783,0.616205622882095,-1.70418409474546,1.13289636610048,-2.21700772117412
164,-5.75335240182206,6.34735972805029,-1.24616262419417,0.525794217737705,1.35051775608637,-3.31100536645285,-5.06020522126211,5.98537973188186,-4.54937959749612,1.7421895420622,-1.0378341586651,0.0706792009857198,0.359592042823633,7.19861798965359,-6.85196469049017,4.65091043862656,1.12908506917579,-0.524027906760973,5.35660483523859,3.47187658264788,-1.28362018672907,3.62813622634995,-0.136581304155487,3.80764484176729,-0.907853839765656,7.2064920460845,-4.98016251358858,-1.57896513192642,-2.40344831454745,-3.35545712902369,1.15773066725275,-6.85196469049017,-0.812901164582907,3.36815675644751,-1.11539239301098,0.208511675509633,-4.21290736087491,0.577556152296294,-1.71911176366966,1.10310958277253,-1.55364732394213
165,-5.81064324003778,6.27777136202416,-1.51471930441731,0.517293543691412,1.40459673869232,-3.18597464787462,-5.02218587967351,6.07797517470694,-4.47564217330544,1.77818663827003,-0.854816182436522,0.134777368568793,0.229611471239632,7.31968830701572,-7.42008115247188,4.56907849149472,1.12277978569293,-0.444667225015931,5.42256832212984,3.4654848724764,-1.9066524063069,3.6001859926878,-0.0676400522283003,3.73330813627858,-0.935445916836631,7.30771211596901,-5.11749605947784,-1.531203194139,-2.40944585837563,-3.29294676742679,1.22638437464849,-6.72693397191194,-0.426148177248693,3.54466290218859,-1.07094216109209,0.243796106231588,-4.37555871474846,0.586286415178364,-1.69976937586447,1.15538094706833,-1.4286166053639
166,-5.4745945691018,6.09659980399241,-0.703909944636132,1.63201156862551,0.719810822002875,-3.42047083540625,-4.8327406829294,6.24534506525276,-3.97051717232552,1.15740720829383,-1.73692495081843,0.181397241718055,0.67387372681585,6.95462162774259,-7.0840324815359,4.82093507121035,0.556090691159466,-0.607060118646215,5.51577001588402,2.27902897745795,-0.729662440738547,5.13692877648803,0.195286353878723,3.53973091894843,-1.08509591958921,6.99384234089587,-4.88680790419968,-1.78821824520598,-2.19368335331414,-3.68283509987374,1.21872909916815,-6.67856737342773,-0.729662440738547,2.84658373838848,-1.06179627576116,-0.0629485172467574,-3.8651566566677,0.156617212719568,-2.05033191450865,0.816974570456523,-1.09256793442792
167,-5.49658158061618,6.1385615170783,-0.644551316696566,1.73325719753507,0.75724723095929,-3.38032606581363,-4.96595332955401,5.91652354907183,-3.94901907190017,1.12215740290104,-1.73538146492262,0.152392657545023,0.66251380787575,6.96800176006549,-7.10601949305028,4.86749037924919,0.546051253066198,-0.569327895458978,5.6350834649427,2.30726172292259,-0.734407645818427,5.21338183778689,0.207200894040018,3.46401455824861,-1.17510144581034,7.08449696553745,-5.09111647250802,-1.78057345911399,-2.22701264143246,-3.72162922970451,1.22604821423927,-6.70055438494212,-0.725896956150518,2.87211160248161,-1.09352757875023,-0.0541638700943898,-3.82887476005811,0.14532549032193,-2.09205640886135,0.849054780212413,-0.796101214823767
168,-5.49065161739789,6.13560253287934,-0.694861071801148,1.70228260381791,0.743759108320483,-3.36241991154862,-4.96002336633572,5.92686366276768,-3.94308910868188,1.17375740295252,-1.66201022090879,0.172308862738057,0.683134486504048,6.98544816534535,-7.10008952983199,4.87656995137038,0.602918152647247,-0.556177684267197,5.58376888538597,2.31319168614088,-0.763263798685548,5.00339652692308,0.258741368510365,3.49654520326408,-1.1533608765654,7.08698458456477,-5.02064798815215,-1.78442352494934,-2.24027712547032,-3.71569926648622,1.20884872276379,-6.69462442172382,-0.737061426291524,2.86637282186553,-1.09743779333344,-0.079005565542849,-3.92203569948404,0.186102184870393,-2.05023352258245,0.906278037818257,-0.885481431409797
169,-6.07689862997378,6.44366734545883,-1.66806073784924,0.478313942354537,0.783369982742371,-2.86675648507433,-5.15771354007326,5.77353373285844,-4.47619439750843,1.9050178418123,-0.88555338297791,-0.0674802792492009,-0.321339885793857,7.69567417025088,-6.64744348844139,4.92761375763584,1.21187066125236,-0.40751758203491,5.50056535613402,3.80461001584357,-2.20630166619993,3.89654751116926,-0.149006886883409,3.49142018384458,-1.06144404944157,7.67889269328887,-4.82620820108038,-1.48485773542748,-3.15638977765737,-3.36402914243562,1.26018923852317,-6.06250989252168,-0.846022544221274,3.07218286111519,-1.53762053779439,0.506771147168572,-4.86426776290473,0.763415368212826,-1.40447621697652,1.35892407920886,-1.0144870663538
170,-5.74254506786837,6.3941664498643,-1.66903459254911,0.594189426564352,0.860196682310344,-2.92707461814533,-5.18735733144868,5.849629768756,-4.64050224410347,1.84277266065701,-0.932962367272134,-0.109967039503963,-0.278363856829424,7.82898785187885,-6.70633813372753,4.90924148530278,1.19566941859847,-0.444227701320336,5.55237824528806,3.89029659936854,-2.2401194078333,4.01704830500769,-0.202697523755687,3.52781331383406,-1.0969653435424,7.81707507036261,-4.88791041741731,-1.52091711352602,-3.37994196514807,-3.37028005423634,1.36118385707605,-5.99976793283544,-0.924594117601618,3.04412423150307,-1.57691930364131,0.55131240220796,-4.95596388066233,0.744683795188499,-1.48379332565182,1.30002943392272,-1.00255565907133
171,-5.46525210658058,6.42138976818323,-1.74939606476845,0.444866801073445,0.787674856143744,-2.95845147215785,-5.14679837546205,5.78569964264807,-4.63030701416038,1.84796828050972,-0.916321638915369,-0.0989840781240399,-0.256791069154409,7.75384089728229,-6.65372072437055,4.92133652170668,1.17646027505325,-0.418807359787618,5.519775750725,3.88349058825472,-2.15391105404029,3.95565303450295,-0.174777917493574,3.51803081476025,-1.04867309040004,7.72652072219591,-4.90118196829578,-1.52094343765447,-3.22720553472411,-3.33256605038194,1.30000310979427,-5.99979425696389,-0.916321638915369,3.05350236540261,-1.54855255326854,0.496477841584519,-4.91911966898245,0.720827908227069,-1.4794560064925,1.29095327427435,-1.08713937122784
